0,10/02/2021
1,10/02/2021
1,10/02/2021
0,10/02/2021
0,10/02/2021
1,10/02/2021
-1,10/02/2021
1,10/02/2021
0,10/02/2021
0,10/02/2021
1,10/02/2021
0,10/02/2021
0,10/02/2021
0,10/02/2021
0,10/02/2021
1,10/02/2021
0,10/02/2021
1,10/02/2021
1,10/02/2021
0,10/02/2021
0,10/02/2021
0,10/02/2021
1,10/02/2021
1,10/02/2021
0,10/02/2021
0,10/02/2021
0,10/02/2021
1,10/02/2021
0,10/02/2021
0,10/02/2021
1,10/02/2021
0,10/02/2021
0,10/02/2021
0,10/02/2021
-1,10/02/2021
1,10/02/2021
1,10/02/2021
0,10/02/2021
1,10/02/2021
1,10/02/2021
1,10/02/2021
1,10/02/2021
0,10/02/2021
0,10/02/2021
0,10/02/2021
1,10/02/2021
1,10/02/2021
1,10/02/2021
1,10/02/2021
1,10/02/2021
0,10/02/2021
0,10/02/2021
0,10/02/2021
0,10/02/2021
0,10/02/2021
0,10/02/2021
0,10/02/2021
1,10/02/2021
0,10/02/2021
0,10/02/2021
1,10/02/2021
0,10/02/2021
0,10/02/2021
0,10/02/2021
1,10/02/2021
0,10/02/2021
1,10/02/2021
1,09/02/2021
1,09/02/2021
0,09/02/2021
0,09/02/2021
0,09/02/2021
-1,09/02/2021
1,09/02/2021
0,09/02/2021
1,09/02/2021
1,09/02/2021
0,09/02/2021
1,09/02/2021
0,09/02/2021
1,09/02/2021
0,09/02/2021
0,09/02/2021
0,09/02/2021
1,09/02/2021
0,09/02/2021
0,09/02/2021
0,09/02/2021
1,09/02/2021
1,09/02/2021
0,09/02/2021
0,09/02/2021
1,09/02/2021
-1,09/02/2021
-1,09/02/2021
1,09/02/2021
0,09/02/2021
1,09/02/2021
-1,09/02/2021
1,09/02/2021
0,09/02/2021
0,09/02/2021
1,09/02/2021
0,09/02/2021
0,09/02/2021
1,09/02/2021
0,09/02/2021
0,09/02/2021
0,09/02/2021
1,09/02/2021
0,09/02/2021
0,09/02/2021
0,09/02/2021
0,09/02/2021
0,09/02/2021
1,09/02/2021
1,09/02/2021
0,09/02/2021
1,09/02/2021
0,09/02/2021
1,09/02/2021
1,09/02/2021
1,09/02/2021
1,09/02/2021
0,09/02/2021
0,09/02/2021
1,09/02/2021
1,09/02/2021
1,09/02/2021
0,09/02/2021
0,09/02/2021
0,09/02/2021
0,09/02/2021
1,09/02/2021
0,09/02/2021
0,09/02/2021
0,09/02/2021
0,09/02/2021
0,09/02/2021
0,09/02/2021
1,09/02/2021
0,09/02/2021
1,09/02/2021
1,09/02/2021
1,09/02/2021
1,09/02/2021
0,09/02/2021
0,09/02/2021
0,09/02/2021
1,09/02/2021
0,09/02/2021
0,09/02/2021
0,09/02/2021
0,09/02/2021
1,08/02/2021
1,08/02/2021
0,08/02/2021
1,08/02/2021
1,08/02/2021
-1,08/02/2021
1,08/02/2021
0,08/02/2021
1,08/02/2021
1,08/02/2021
0,08/02/2021
1,08/02/2021
0,08/02/2021
1,08/02/2021
0,08/02/2021
1,08/02/2021
0,08/02/2021
0,08/02/2021
0,08/02/2021
1,08/02/2021
1,08/02/2021
0,08/02/2021
1,08/02/2021
1,08/02/2021
1,08/02/2021
0,08/02/2021
0,08/02/2021
0,08/02/2021
0,08/02/2021
0,08/02/2021
0,08/02/2021
0,08/02/2021
-1,08/02/2021
1,08/02/2021
1,08/02/2021
0,08/02/2021
0,08/02/2021
1,08/02/2021
1,08/02/2021
1,08/02/2021
0,08/02/2021
0,08/02/2021
0,08/02/2021
1,08/02/2021
1,08/02/2021
1,08/02/2021
0,08/02/2021
1,08/02/2021
1,08/02/2021
0,08/02/2021
1,08/02/2021
0,08/02/2021
0,08/02/2021
0,08/02/2021
0,08/02/2021
0,08/02/2021
-1,08/02/2021
0,08/02/2021
0,08/02/2021
1,08/02/2021
0,08/02/2021
0,08/02/2021
0,08/02/2021
0,08/02/2021
1,08/02/2021
1,08/02/2021
0,08/02/2021
0,08/02/2021
1,08/02/2021
1,08/02/2021
1,08/02/2021
0,08/02/2021
0,08/02/2021
0,08/02/2021
0,08/02/2021
1,08/02/2021
0,08/02/2021
0,08/02/2021
1,08/02/2021
0,08/02/2021
0,08/02/2021
1,08/02/2021
1,08/02/2021
0,08/02/2021
1,08/02/2021
1,08/02/2021
0,08/02/2021
0,08/02/2021
0,08/02/2021
1,08/02/2021
0,08/02/2021
0,08/02/2021
1,08/02/2021
0,08/02/2021
1,08/02/2021
-1,08/02/2021
1,08/02/2021
0,08/02/2021
0,08/02/2021
0,08/02/2021
0,08/02/2021
0,08/02/2021
0,08/02/2021
1,08/02/2021
0,08/02/2021
0,08/02/2021
0,08/02/2021
1,08/02/2021
0,08/02/2021
0,08/02/2021
0,08/02/2021
1,07/02/2021
0,07/02/2021
0,07/02/2021
0,07/02/2021
0,07/02/2021
0,07/02/2021
0,07/02/2021
1,07/02/2021
1,07/02/2021
0,07/02/2021
0,07/02/2021
0,07/02/2021
1,07/02/2021
1,07/02/2021
0,07/02/2021
0,07/02/2021
1,07/02/2021
0,07/02/2021
1,07/02/2021
0,07/02/2021
0,07/02/2021
0,07/02/2021
0,07/02/2021
1,07/02/2021
0,07/02/2021
0,07/02/2021
0,07/02/2021
0,07/02/2021
0,07/02/2021
0,07/02/2021
1,07/02/2021
0,07/02/2021
0,07/02/2021
0,07/02/2021
0,07/02/2021
0,07/02/2021
0,07/02/2021
0,07/02/2021
0,07/02/2021
0,07/02/2021
-1,07/02/2021
1,07/02/2021
0,07/02/2021
0,07/02/2021
0,07/02/2021
0,07/02/2021
0,07/02/2021
1,07/02/2021
0,07/02/2021
1,07/02/2021
0,07/02/2021
0,07/02/2021
1,07/02/2021
1,07/02/2021
1,07/02/2021
0,07/02/2021
0,07/02/2021
1,07/02/2021
0,07/02/2021
0,07/02/2021
-1,07/02/2021
1,06/02/2021
0,06/02/2021
1,06/02/2021
0,06/02/2021
0,06/02/2021
0,06/02/2021
0,06/02/2021
1,06/02/2021
0,06/02/2021
0,06/02/2021
0,06/02/2021
1,06/02/2021
1,06/02/2021
0,06/02/2021
0,06/02/2021
0,06/02/2021
0,06/02/2021
1,06/02/2021
1,06/02/2021
0,06/02/2021
1,06/02/2021
1,06/02/2021
1,06/02/2021
1,06/02/2021
1,06/02/2021
-1,06/02/2021
0,06/02/2021
1,06/02/2021
0,06/02/2021
1,06/02/2021
-1,06/02/2021
1,06/02/2021
0,06/02/2021
1,06/02/2021
1,06/02/2021
0,06/02/2021
1,06/02/2021
0,06/02/2021
1,06/02/2021
1,06/02/2021
1,06/02/2021
1,06/02/2021
0,06/02/2021
0,06/02/2021
1,06/02/2021
1,06/02/2021
1,06/02/2021
1,06/02/2021
0,06/02/2021
1,06/02/2021
1,06/02/2021
1,06/02/2021
1,06/02/2021
0,06/02/2021
0,06/02/2021
0,06/02/2021
0,06/02/2021
0,06/02/2021
0,06/02/2021
1,06/02/2021
1,06/02/2021
0,06/02/2021
1,06/02/2021
1,06/02/2021
1,05/02/2021
1,05/02/2021
0,05/02/2021
0,05/02/2021
0,05/02/2021
1,05/02/2021
1,05/02/2021
0,05/02/2021
1,05/02/2021
0,05/02/2021
0,05/02/2021
1,05/02/2021
1,05/02/2021
0,05/02/2021
0,05/02/2021
1,05/02/2021
0,05/02/2021
1,05/02/2021
0,05/02/2021
0,05/02/2021
0,05/02/2021
1,05/02/2021
0,05/02/2021
0,05/02/2021
1,05/02/2021
1,05/02/2021
1,05/02/2021
1,05/02/2021
0,05/02/2021
1,05/02/2021
0,05/02/2021
1,05/02/2021
1,05/02/2021
0,05/02/2021
-1,15/02/2021
1,15/02/2021
0,15/02/2021
1,15/02/2021
0,15/02/2021
0,15/02/2021
0,15/02/2021
0,15/02/2021
1,15/02/2021
0,15/02/2021
0,15/02/2021
1,15/02/2021
0,15/02/2021
1,15/02/2021
0,15/02/2021
1,15/02/2021
1,15/02/2021
0,15/02/2021
1,15/02/2021
0,15/02/2021
0,15/02/2021
0,15/02/2021
0,15/02/2021
0,15/02/2021
0,15/02/2021
1,15/02/2021
1,15/02/2021
0,15/02/2021
0,15/02/2021
0,15/02/2021
0,15/02/2021
0,15/02/2021
1,15/02/2021
1,15/02/2021
1,15/02/2021
0,15/02/2021
0,15/02/2021
0,15/02/2021
1,15/02/2021
0,15/02/2021
0,15/02/2021
0,15/02/2021
0,15/02/2021
0,15/02/2021
1,15/02/2021
0,15/02/2021
0,15/02/2021
0,15/02/2021
0,15/02/2021
0,15/02/2021
0,15/02/2021
0,15/02/2021
1,15/02/2021
0,15/02/2021
1,15/02/2021
0,15/02/2021
0,15/02/2021
0,15/02/2021
0,15/02/2021
0,15/02/2021
0,15/02/2021
0,15/02/2021
0,15/02/2021
1,15/02/2021
0,15/02/2021
1,15/02/2021
-1,15/02/2021
0,15/02/2021
1,15/02/2021
1,15/02/2021
0,15/02/2021
1,15/02/2021
0,15/02/2021
0,15/02/2021
0,15/02/2021
0,15/02/2021
1,15/02/2021
0,15/02/2021
0,15/02/2021
0,15/02/2021
0,15/02/2021
0,15/02/2021
1,15/02/2021
0,15/02/2021
0,15/02/2021
0,15/02/2021
1,15/02/2021
0,15/02/2021
0,15/02/2021
0,15/02/2021
0,15/02/2021
0,15/02/2021
0,14/02/2021
0,14/02/2021
1,14/02/2021
0,14/02/2021
0,14/02/2021
0,14/02/2021
0,14/02/2021
1,14/02/2021
0,14/02/2021
0,14/02/2021
1,14/02/2021
-1,14/02/2021
0,14/02/2021
1,14/02/2021
0,14/02/2021
0,14/02/2021
1,14/02/2021
1,14/02/2021
1,14/02/2021
1,14/02/2021
0,14/02/2021
1,14/02/2021
1,14/02/2021
0,14/02/2021
0,14/02/2021
1,14/02/2021
0,14/02/2021
0,14/02/2021
0,14/02/2021
0,14/02/2021
0,14/02/2021
0,14/02/2021
-1,14/02/2021
0,14/02/2021
0,14/02/2021
0,14/02/2021
0,14/02/2021
1,14/02/2021
0,14/02/2021
-1,14/02/2021
0,14/02/2021
0,14/02/2021
1,14/02/2021
0,14/02/2021
0,14/02/2021
1,14/02/2021
0,14/02/2021
0,14/02/2021
1,14/02/2021
0,14/02/2021
1,14/02/2021
1,14/02/2021
0,14/02/2021
0,14/02/2021
-1,14/02/2021
0,14/02/2021
0,14/02/2021
-1,14/02/2021
0,14/02/2021
1,14/02/2021
1,14/02/2021
0,14/02/2021
1,14/02/2021
0,14/02/2021
-1,14/02/2021
1,14/02/2021
1,14/02/2021
0,14/02/2021
0,14/02/2021
1,14/02/2021
1,14/02/2021
-1,14/02/2021
0,14/02/2021
0,14/02/2021
0,14/02/2021
0,14/02/2021
0,14/02/2021
0,14/02/2021
0,14/02/2021
0,14/02/2021
0,13/02/2021
0,13/02/2021
0,13/02/2021
0,13/02/2021
-1,13/02/2021
0,13/02/2021
0,13/02/2021
0,13/02/2021
0,13/02/2021
1,13/02/2021
1,13/02/2021
0,13/02/2021
0,13/02/2021
0,13/02/2021
1,13/02/2021
1,13/02/2021
0,13/02/2021
0,13/02/2021
1,13/02/2021
1,13/02/2021
1,13/02/2021
0,13/02/2021
1,13/02/2021
0,13/02/2021
1,13/02/2021
1,13/02/2021
0,13/02/2021
-1,13/02/2021
0,13/02/2021
0,13/02/2021
0,13/02/2021
-1,13/02/2021
1,13/02/2021
1,13/02/2021
0,13/02/2021
0,13/02/2021
1,13/02/2021
0,13/02/2021
1,13/02/2021
1,13/02/2021
1,13/02/2021
-1,13/02/2021
1,13/02/2021
1,13/02/2021
1,13/02/2021
1,19/02/2021
0,19/02/2021
0,19/02/2021
0,19/02/2021
1,19/02/2021
1,19/02/2021
0,19/02/2021
1,19/02/2021
0,19/02/2021
1,19/02/2021
0,19/02/2021
0,19/02/2021
0,19/02/2021
0,19/02/2021
0,19/02/2021
0,19/02/2021
1,19/02/2021
1,19/02/2021
0,19/02/2021
-1,19/02/2021
1,19/02/2021
1,19/02/2021
0,19/02/2021
0,19/02/2021
1,19/02/2021
0,19/02/2021
1,19/02/2021
0,19/02/2021
1,19/02/2021
1,19/02/2021
1,19/02/2021
1,19/02/2021
1,19/02/2021
0,19/02/2021
0,19/02/2021
-1,19/02/2021
1,19/02/2021
0,19/02/2021
1,19/02/2021
0,19/02/2021
1,19/02/2021
1,19/02/2021
1,19/02/2021
1,19/02/2021
1,19/02/2021
1,19/02/2021
0,19/02/2021
0,19/02/2021
1,19/02/2021
1,19/02/2021
1,19/02/2021
0,19/02/2021
1,19/02/2021
1,19/02/2021
0,19/02/2021
1,19/02/2021
1,19/02/2021
1,19/02/2021
0,19/02/2021
1,19/02/2021
1,19/02/2021
0,19/02/2021
0,19/02/2021
0,19/02/2021
0,19/02/2021
0,19/02/2021
0,19/02/2021
1,19/02/2021
0,19/02/2021
0,19/02/2021
1,19/02/2021
0,19/02/2021
0,19/02/2021
0,19/02/2021
-1,19/02/2021
1,19/02/2021
0,19/02/2021
0,19/02/2021
0,19/02/2021
0,19/02/2021
1,19/02/2021
0,19/02/2021
0,19/02/2021
0,19/02/2021
0,19/02/2021
0,19/02/2021
0,19/02/2021
1,18/02/2021
0,18/02/2021
1,18/02/2021
0,18/02/2021
0,18/02/2021
1,18/02/2021
1,18/02/2021
1,18/02/2021
-1,18/02/2021
0,18/02/2021
0,18/02/2021
0,18/02/2021
0,18/02/2021
1,18/02/2021
0,18/02/2021
0,18/02/2021
1,18/02/2021
0,18/02/2021
1,18/02/2021
-1,18/02/2021
0,18/02/2021
0,18/02/2021
0,18/02/2021
1,18/02/2021
1,18/02/2021
0,18/02/2021
1,18/02/2021
1,18/02/2021
0,18/02/2021
0,18/02/2021
1,18/02/2021
1,18/02/2021
1,18/02/2021
0,18/02/2021
0,18/02/2021
1,18/02/2021
1,18/02/2021
0,18/02/2021
0,18/02/2021
1,18/02/2021
0,18/02/2021
1,18/02/2021
0,18/02/2021
0,18/02/2021
0,18/02/2021
1,22/02/2021
0,22/02/2021
0,22/02/2021
0,22/02/2021
0,22/02/2021
0,22/02/2021
1,22/02/2021
0,22/02/2021
0,22/02/2021
1,22/02/2021
0,22/02/2021
0,22/02/2021
1,22/02/2021
0,22/02/2021
0,22/02/2021
0,22/02/2021
0,22/02/2021
0,22/02/2021
0,22/02/2021
1,22/02/2021
0,22/02/2021
1,22/02/2021
0,22/02/2021
1,22/02/2021
0,22/02/2021
0,22/02/2021
0,22/02/2021
0,22/02/2021
0,22/02/2021
1,22/02/2021
1,22/02/2021
0,22/02/2021
1,22/02/2021
0,22/02/2021
1,22/02/2021
0,22/02/2021
1,22/02/2021
1,22/02/2021
-1,22/02/2021
0,22/02/2021
-1,22/02/2021
1,22/02/2021
1,22/02/2021
1,22/02/2021
0,22/02/2021
1,22/02/2021
1,22/02/2021
1,22/02/2021
0,22/02/2021
0,22/02/2021
0,22/02/2021
1,22/02/2021
1,22/02/2021
1,22/02/2021
1,22/02/2021
0,22/02/2021
1,22/02/2021
1,22/02/2021
0,22/02/2021
1,22/02/2021
1,22/02/2021
0,22/02/2021
1,22/02/2021
0,22/02/2021
0,22/02/2021
1,22/02/2021
0,22/02/2021
0,22/02/2021
1,22/02/2021
1,22/02/2021
1,22/02/2021
0,28/02/2021
0,28/02/2021
-1,28/02/2021
0,28/02/2021
1,28/02/2021
0,28/02/2021
0,28/02/2021
1,28/02/2021
0,28/02/2021
1,28/02/2021
0,28/02/2021
0,28/02/2021
0,28/02/2021
1,28/02/2021
0,28/02/2021
1,28/02/2021
1,28/02/2021
1,28/02/2021
1,28/02/2021
1,28/02/2021
0,28/02/2021
1,28/02/2021
0,28/02/2021
0,28/02/2021
0,28/02/2021
0,28/02/2021
0,28/02/2021
1,28/02/2021
0,28/02/2021
1,28/02/2021
0,12/03/2021
0,12/03/2021
0,12/03/2021
0,12/03/2021
0,12/03/2021
1,12/03/2021
0,12/03/2021
0,12/03/2021
0,12/03/2021
1,12/03/2021
1,12/03/2021
0,12/03/2021
-1,12/03/2021
0,12/03/2021
0,12/03/2021
1,12/03/2021
0,12/03/2021
-1,12/03/2021
0,12/03/2021
0,12/03/2021
0,12/03/2021
0,12/03/2021
0,12/03/2021
1,12/03/2021
0,12/03/2021
1,12/03/2021
1,12/03/2021
1,12/03/2021
1,12/03/2021
1,12/03/2021
1,12/03/2021
0,12/03/2021
0,12/03/2021
0,12/03/2021
0,12/03/2021
-1,12/03/2021
1,12/03/2021
1,12/03/2021
0,12/03/2021
1,12/03/2021
1,12/03/2021
0,12/03/2021
0,12/03/2021
0,12/03/2021
1,12/03/2021
1,12/03/2021
0,12/03/2021
1,12/03/2021
0,12/03/2021
0,12/03/2021
1,12/03/2021
0,12/03/2021
0,12/03/2021
0,12/03/2021
1,12/03/2021
1,12/03/2021
1,12/03/2021
0,12/03/2021
0,12/03/2021
1,12/03/2021
0,12/03/2021
0,12/03/2021
1,12/03/2021
1,12/03/2021
1,12/03/2021
0,12/03/2021
0,12/03/2021
1,12/03/2021
0,12/03/2021
0,12/03/2021
1,12/03/2021
-1,12/03/2021
-1,12/03/2021
1,12/03/2021
0,12/03/2021
0,12/03/2021
0,12/03/2021
1,12/03/2021
0,12/03/2021
0,11/03/2021
1,11/03/2021
0,11/03/2021
1,11/03/2021
0,12/04/2021
0,12/04/2021
-1,12/04/2021
1,12/04/2021
1,12/04/2021
1,12/04/2021
0,12/04/2021
1,12/04/2021
1,12/04/2021
0,12/04/2021
1,12/04/2021
0,12/04/2021
0,12/04/2021
1,12/04/2021
1,12/04/2021
0,12/04/2021
1,12/04/2021
1,12/04/2021
1,12/04/2021
1,12/04/2021
0,12/04/2021
1,12/04/2021
1,12/04/2021
0,12/04/2021
0,12/04/2021
0,12/04/2021
0,12/04/2021
1,12/04/2021
0,12/04/2021
0,12/04/2021
1,12/04/2021
0,12/04/2021
1,12/04/2021
1,12/04/2021
0,12/04/2021
0,12/04/2021
0,12/04/2021
0,12/04/2021
0,11/04/2021
1,11/04/2021
0,11/04/2021
1,11/04/2021
0,11/04/2021
1,11/04/2021
0,11/04/2021
1,11/04/2021
1,11/04/2021
0,11/04/2021
1,11/04/2021
1,11/04/2021
1,11/04/2021
0,11/04/2021
0,11/04/2021
1,11/04/2021
0,11/04/2021
0,11/04/2021
1,11/04/2021
1,11/04/2021
0,11/04/2021
1,11/04/2021
0,11/04/2021
0,11/04/2021
0,11/04/2021
0,11/04/2021
0,11/04/2021
0,11/04/2021
0,11/04/2021
1,11/04/2021
1,11/04/2021
1,11/04/2021
0,11/04/2021
1,11/04/2021
1,11/04/2021
0,11/04/2021
0,11/04/2021
1,11/04/2021
0,11/04/2021
1,11/04/2021
0,10/04/2021
0,10/04/2021
0,10/04/2021
0,10/04/2021
1,10/04/2021
1,10/04/2021
1,10/04/2021
0,10/04/2021
0,10/04/2021
1,10/04/2021
1,10/04/2021
0,10/04/2021
0,10/04/2021
0,10/04/2021
1,10/04/2021
-1,10/04/2021
0,10/04/2021
0,10/04/2021
0,10/04/2021
1,10/04/2021
1,10/04/2021
0,10/04/2021
1,10/04/2021
0,10/04/2021
1,10/04/2021
0,10/04/2021
0,10/04/2021
0,10/04/2021
1,10/04/2021
1,10/04/2021
0,10/04/2021
0,10/04/2021
0,10/04/2021
1,10/04/2021
1,10/04/2021
0,10/04/2021
0,10/04/2021
0,10/04/2021
1,10/04/2021
1,10/04/2021
0,10/04/2021
1,10/04/2021
1,10/04/2021
0,10/04/2021
0,10/04/2021
0,10/04/2021
0,10/04/2021
1,10/04/2021
0,10/04/2021
0,10/04/2021
1,10/04/2021
0,10/04/2021
0,10/04/2021
0,10/04/2021
-1,10/04/2021
1,10/04/2021
1,10/04/2021
1,10/04/2021
1,10/04/2021
0,10/04/2021
0,10/04/2021
0,10/04/2021
1,10/04/2021
1,10/04/2021
0,10/04/2021
0,10/04/2021
0,10/04/2021
0,10/04/2021
0,10/04/2021
0,10/04/2021
1,10/04/2021
0,10/04/2021
1,10/04/2021
1,10/04/2021
0,10/04/2021
0,10/04/2021
0,10/04/2021
-1,10/04/2021
1,10/04/2021
1,10/04/2021
0,10/04/2021
0,09/04/2021
0,09/04/2021
1,09/04/2021
1,09/04/2021
-1,09/04/2021
0,09/04/2021
1,09/04/2021
1,09/04/2021
1,09/04/2021
0,09/04/2021
0,09/04/2021
0,09/04/2021
1,09/04/2021
0,09/04/2021
1,09/04/2021
1,09/04/2021
-1,09/04/2021
0,09/04/2021
0,09/04/2021
-1,09/04/2021
1,09/04/2021
1,09/04/2021
-1,09/04/2021
0,09/04/2021
0,09/04/2021
0,09/04/2021
0,09/04/2021
0,09/04/2021
0,09/04/2021
0,09/04/2021
0,09/04/2021
0,09/04/2021
0,09/04/2021
1,09/04/2021
0,09/04/2021
0,09/04/2021
0,09/04/2021
0,09/04/2021
1,09/04/2021
0,09/04/2021
1,09/04/2021
0,09/04/2021
1,09/04/2021
1,09/04/2021
0,09/04/2021
0,09/04/2021
0,09/04/2021
0,09/04/2021
0,09/04/2021
0,09/04/2021
1,09/04/2021
1,09/04/2021
1,09/04/2021
0,09/04/2021
0,09/04/2021
1,09/04/2021
1,09/04/2021
1,09/04/2021
1,09/04/2021
0,09/04/2021
0,09/04/2021
0,09/04/2021
0,09/04/2021
1,09/04/2021
0,09/04/2021
0,09/04/2021
0,09/04/2021
0,09/04/2021
0,09/04/2021
0,08/04/2021
1,08/04/2021
0,08/04/2021
0,08/04/2021
0,08/04/2021
0,08/04/2021
0,08/04/2021
1,08/04/2021
1,08/04/2021
1,08/04/2021
0,08/04/2021
0,08/04/2021
1,08/04/2021
0,08/04/2021
0,08/04/2021
0,08/04/2021
1,08/04/2021
1,08/04/2021
0,08/04/2021
0,08/04/2021
-1,08/04/2021
0,08/04/2021
0,08/04/2021
1,08/04/2021
0,08/04/2021
1,08/04/2021
0,08/04/2021
0,08/04/2021
0,08/04/2021
0,08/04/2021
1,08/04/2021
0,08/04/2021
0,08/04/2021
1,08/04/2021
0,08/04/2021
1,08/04/2021
0,08/04/2021
0,08/04/2021
-1,08/04/2021
-1,08/04/2021
1,08/04/2021
1,08/04/2021
1,08/04/2021
0,08/04/2021
1,08/04/2021
0,08/04/2021
0,08/04/2021
1,08/04/2021
0,08/04/2021
0,08/04/2021
0,08/04/2021
0,08/04/2021
0,08/04/2021
1,08/04/2021
0,08/04/2021
0,08/04/2021
0,08/04/2021
0,08/04/2021
1,08/04/2021
1,08/04/2021
1,08/04/2021
0,08/04/2021
0,08/04/2021
1,08/04/2021
0,08/04/2021
0,08/04/2021
0,08/04/2021
1,08/04/2021
1,08/04/2021
0,08/04/2021
-1,08/04/2021
0,08/04/2021
1,08/04/2021
0,08/04/2021
-1,07/04/2021
1,07/04/2021
1,07/04/2021
1,07/04/2021
0,07/04/2021
0,07/04/2021
1,07/04/2021
0,07/04/2021
0,07/04/2021
0,07/04/2021
0,07/04/2021
0,07/04/2021
0,07/04/2021
0,07/04/2021
1,07/04/2021
0,07/04/2021
1,07/04/2021
0,07/04/2021
0,07/04/2021
1,07/04/2021
0,07/04/2021
0,07/04/2021
0,07/04/2021
1,07/04/2021
-1,07/04/2021
1,07/04/2021
1,07/04/2021
1,07/04/2021
0,07/04/2021
0,07/04/2021
0,07/04/2021
0,07/04/2021
1,07/04/2021
1,07/04/2021
1,07/04/2021
1,07/04/2021
0,07/04/2021
1,07/04/2021
0,07/04/2021
0,07/04/2021
1,07/04/2021
0,07/04/2021
1,07/04/2021
0,07/04/2021
1,07/04/2021
0,07/04/2021
1,07/04/2021
0,07/04/2021
0,07/04/2021
1,07/04/2021
0,07/04/2021
0,07/04/2021
0,07/04/2021
-1,07/04/2021
0,07/04/2021
1,07/04/2021
0,07/04/2021
1,07/04/2021
1,07/04/2021
0,07/04/2021
0,07/04/2021
1,07/04/2021
0,07/04/2021
0,07/04/2021
0,07/04/2021
1,07/04/2021
0,07/04/2021
0,07/04/2021
1,07/04/2021
0,07/04/2021
0,07/04/2021
1,07/04/2021
0,07/04/2021
1,07/04/2021
1,07/04/2021
1,07/04/2021
1,07/04/2021
0,07/04/2021
0,07/04/2021
0,07/04/2021
1,06/04/2021
1,06/04/2021
0,06/04/2021
1,06/04/2021
0,06/04/2021
0,06/04/2021
0,06/04/2021
0,06/04/2021
0,06/04/2021
0,06/04/2021
1,06/04/2021
0,06/04/2021
1,06/04/2021
1,06/04/2021
1,06/04/2021
0,06/04/2021
0,06/04/2021
0,06/04/2021
0,06/04/2021
1,06/04/2021
0,06/04/2021
-1,06/04/2021
1,06/04/2021
0,06/04/2021
0,06/04/2021
1,06/04/2021
-1,06/04/2021
0,06/04/2021
0,06/04/2021
0,06/04/2021
0,06/04/2021
0,06/04/2021
1,06/04/2021
1,06/04/2021
1,06/04/2021
0,06/04/2021
1,06/04/2021
0,06/04/2021
0,06/04/2021
0,06/04/2021
0,06/04/2021
0,06/04/2021
0,06/04/2021
0,06/04/2021
0,06/04/2021
1,06/04/2021
1,06/04/2021
1,06/04/2021
0,06/04/2021
0,06/04/2021
1,06/04/2021
1,06/04/2021
0,06/04/2021
0,06/04/2021
0,06/04/2021
0,06/04/2021
1,06/04/2021
0,06/04/2021
0,06/04/2021
1,06/04/2021
0,06/04/2021
1,06/04/2021
1,06/04/2021
0,06/04/2021
1,06/04/2021
0,06/04/2021
0,06/04/2021
0,06/04/2021
0,06/04/2021
1,06/04/2021
0,06/04/2021
1,06/04/2021
1,06/04/2021
0,06/04/2021
1,05/04/2021
0,05/04/2021
0,05/04/2021
1,05/04/2021
0,05/04/2021
0,05/04/2021
0,05/04/2021
1,05/04/2021
0,05/04/2021
0,05/04/2021
0,05/04/2021
1,05/04/2021
1,05/04/2021
1,05/04/2021
0,05/04/2021
0,05/04/2021
0,05/04/2021
1,05/04/2021
1,05/04/2021
0,05/04/2021
0,05/04/2021
0,05/04/2021
1,05/04/2021
1,05/04/2021
0,05/04/2021
1,05/04/2021
1,05/04/2021
1,05/04/2021
1,05/04/2021
-1,05/04/2021
1,05/04/2021
-1,05/04/2021
0,05/04/2021
1,05/04/2021
1,05/04/2021
1,05/04/2021
1,05/04/2021
1,05/04/2021
0,05/04/2021
0,05/04/2021
0,05/04/2021
0,05/04/2021
1,05/04/2021
1,05/04/2021
1,24/04/2021
0,24/04/2021
1,24/04/2021
0,24/04/2021
0,24/04/2021
0,24/04/2021
0,24/04/2021
-1,24/04/2021
0,24/04/2021
0,24/04/2021
1,24/04/2021
1,24/04/2021
1,24/04/2021
1,24/04/2021
0,24/04/2021
1,24/04/2021
0,24/04/2021
1,24/04/2021
1,24/04/2021
0,24/04/2021
0,24/04/2021
0,24/04/2021
1,24/04/2021
1,24/04/2021
1,24/04/2021
0,24/04/2021
0,24/04/2021
1,24/04/2021
0,24/04/2021
1,24/04/2021
0,24/04/2021
0,24/04/2021
0,24/04/2021
0,24/04/2021
0,24/04/2021
1,24/04/2021
0,24/04/2021
1,24/04/2021
1,24/04/2021
0,24/04/2021
0,24/04/2021
0,24/04/2021
0,24/04/2021
1,24/04/2021
1,24/04/2021
0,24/04/2021
0,24/04/2021
0,24/04/2021
0,24/04/2021
0,24/04/2021
1,24/04/2021
0,24/04/2021
0,24/04/2021
0,24/04/2021
1,24/04/2021
0,24/04/2021
0,24/04/2021
0,24/04/2021
1,24/04/2021
0,24/04/2021
0,24/04/2021
0,24/04/2021
0,24/04/2021
0,24/04/2021
1,24/04/2021
0,24/04/2021
1,24/04/2021
0,24/04/2021
1,24/04/2021
0,24/04/2021
1,24/04/2021
1,24/04/2021
1,24/04/2021
1,24/04/2021
1,24/04/2021
0,24/04/2021
0,24/04/2021
0,24/04/2021
0,24/04/2021
0,23/04/2021
0,23/04/2021
-1,23/04/2021
0,23/04/2021
0,23/04/2021
0,23/04/2021
1,23/04/2021
1,23/04/2021
0,23/04/2021
0,23/04/2021
0,23/04/2021
-1,23/04/2021
1,23/04/2021
0,23/04/2021
0,23/04/2021
0,23/04/2021
1,23/04/2021
0,23/04/2021
1,23/04/2021
0,23/04/2021
0,23/04/2021
1,23/04/2021
1,23/04/2021
1,23/04/2021
1,23/04/2021
1,23/04/2021
0,23/04/2021
0,23/04/2021
0,23/04/2021
1,23/04/2021
0,23/04/2021
0,23/04/2021
0,23/04/2021
0,23/04/2021
1,23/04/2021
0,23/04/2021
-1,23/04/2021
0,23/04/2021
1,23/04/2021
1,23/04/2021
0,23/04/2021
0,23/04/2021
1,23/04/2021
0,23/04/2021
1,23/04/2021
0,23/04/2021
0,23/04/2021
0,23/04/2021
0,23/04/2021
1,23/04/2021
1,23/04/2021
1,23/04/2021
1,23/04/2021
0,23/04/2021
0,23/04/2021
1,23/04/2021
0,23/04/2021
1,23/04/2021
0,23/04/2021
1,23/04/2021
0,23/04/2021
1,23/04/2021
0,23/04/2021
0,23/04/2021
0,23/04/2021
0,23/04/2021
0,23/04/2021
1,23/04/2021
1,23/04/2021
0,23/04/2021
0,23/04/2021
0,23/04/2021
0,23/04/2021
1,23/04/2021
0,23/04/2021
1,23/04/2021
0,23/04/2021
1,23/04/2021
0,23/04/2021
0,23/04/2021
-1,23/04/2021
0,23/04/2021
-1,23/04/2021
0,23/04/2021
0,23/04/2021
0,23/04/2021
0,23/04/2021
0,23/04/2021
0,23/04/2021
0,23/04/2021
1,23/04/2021
0,23/04/2021
1,23/04/2021
-1,23/04/2021
1,23/04/2021
0,23/04/2021
0,23/04/2021
0,23/04/2021
0,23/04/2021
1,23/04/2021
0,23/04/2021
1,23/04/2021
0,23/04/2021
0,23/04/2021
0,23/04/2021
0,23/04/2021
-1,23/04/2021
0,23/04/2021
1,23/04/2021
1,23/04/2021
1,23/04/2021
1,23/04/2021
1,23/04/2021
0,23/04/2021
0,23/04/2021
0,23/04/2021
1,23/04/2021
0,23/04/2021
1,22/04/2021
0,22/04/2021
0,22/04/2021
1,22/04/2021
0,22/04/2021
0,22/04/2021
0,22/04/2021
1,22/04/2021
0,22/04/2021
1,22/04/2021
0,22/04/2021
0,22/04/2021
0,22/04/2021
1,22/04/2021
1,22/04/2021
0,22/04/2021
1,22/04/2021
1,22/04/2021
1,22/04/2021
0,22/04/2021
1,22/04/2021
1,22/04/2021
1,22/04/2021
1,22/04/2021
1,22/04/2021
-1,22/04/2021
-1,22/04/2021
0,22/04/2021
0,22/04/2021
1,22/04/2021
0,22/04/2021
1,22/04/2021
1,22/04/2021
1,22/04/2021
1,22/04/2021
0,22/04/2021
0,22/04/2021
1,22/04/2021
0,22/04/2021
0,22/04/2021
1,22/04/2021
0,22/04/2021
0,22/04/2021
0,22/04/2021
0,22/04/2021
1,22/04/2021
1,22/04/2021
0,22/04/2021
0,22/04/2021
0,22/04/2021
1,22/04/2021
0,22/04/2021
1,22/04/2021
0,22/04/2021
0,22/04/2021
1,22/04/2021
0,22/04/2021
0,22/04/2021
1,22/04/2021
1,22/04/2021
0,22/04/2021
0,22/04/2021
0,22/04/2021
0,22/04/2021
1,22/04/2021
-1,22/04/2021
1,22/04/2021
1,22/04/2021
1,22/04/2021
0,22/04/2021
0,22/04/2021
1,22/04/2021
1,22/04/2021
0,22/04/2021
1,22/04/2021
0,22/04/2021
0,22/04/2021
1,22/04/2021
0,22/04/2021
0,22/04/2021
0,22/04/2021
0,22/04/2021
0,22/04/2021
1,22/04/2021
1,22/04/2021
1,22/04/2021
0,22/04/2021
1,22/04/2021
0,22/04/2021
0,22/04/2021
0,22/04/2021
-1,22/04/2021
0,22/04/2021
0,22/04/2021
0,22/04/2021
0,22/04/2021
0,22/04/2021
0,22/04/2021
0,22/04/2021
0,22/04/2021
0,22/04/2021
1,22/04/2021
1,21/04/2021
0,21/04/2021
1,21/04/2021
0,21/04/2021
0,21/04/2021
0,21/04/2021
0,21/04/2021
0,21/04/2021
-1,21/04/2021
0,21/04/2021
1,21/04/2021
0,21/04/2021
0,21/04/2021
0,21/04/2021
0,21/04/2021
0,21/04/2021
0,21/04/2021
1,21/04/2021
0,21/04/2021
0,21/04/2021
1,21/04/2021
1,21/04/2021
1,21/04/2021
0,21/04/2021
0,21/04/2021
0,21/04/2021
0,21/04/2021
0,21/04/2021
0,21/04/2021
0,21/04/2021
0,21/04/2021
0,21/04/2021
1,21/04/2021
1,21/04/2021
0,21/04/2021
0,21/04/2021
0,21/04/2021
1,21/04/2021
1,21/04/2021
0,21/04/2021
0,21/04/2021
0,21/04/2021
0,21/04/2021
1,21/04/2021
0,21/04/2021
0,21/04/2021
1,21/04/2021
0,21/04/2021
1,21/04/2021
1,21/04/2021
1,21/04/2021
1,21/04/2021
1,21/04/2021
0,21/04/2021
0,21/04/2021
0,21/04/2021
0,21/04/2021
1,21/04/2021
0,21/04/2021
0,21/04/2021
1,21/04/2021
0,21/04/2021
1,21/04/2021
1,21/04/2021
0,21/04/2021
0,21/04/2021
1,21/04/2021
1,21/04/2021
1,21/04/2021
0,21/04/2021
1,21/04/2021
0,21/04/2021
0,21/04/2021
0,21/04/2021
0,21/04/2021
0,21/04/2021
1,21/04/2021
0,21/04/2021
0,21/04/2021
0,21/04/2021
0,21/04/2021
0,21/04/2021
1,21/04/2021
0,21/04/2021
1,21/04/2021
0,21/04/2021
0,21/04/2021
1,21/04/2021
0,20/04/2021
0,20/04/2021
-1,20/04/2021
0,20/04/2021
0,20/04/2021
1,20/04/2021
1,20/04/2021
1,20/04/2021
0,20/04/2021
1,20/04/2021
1,20/04/2021
0,20/04/2021
0,20/04/2021
1,20/04/2021
0,20/04/2021
0,20/04/2021
1,20/04/2021
1,20/04/2021
0,20/04/2021
1,20/04/2021
0,20/04/2021
0,20/04/2021
1,20/04/2021
1,20/04/2021
0,20/04/2021
0,20/04/2021
0,20/04/2021
0,20/04/2021
0,20/04/2021
0,20/04/2021
0,20/04/2021
0,20/04/2021
0,20/04/2021
1,20/04/2021
1,20/04/2021
0,20/04/2021
1,20/04/2021
0,20/04/2021
0,20/04/2021
0,20/04/2021
1,20/04/2021
0,20/04/2021
0,20/04/2021
1,20/04/2021
0,20/04/2021
1,20/04/2021
1,20/04/2021
0,20/04/2021
1,20/04/2021
1,20/04/2021
0,20/04/2021
1,20/04/2021
1,20/04/2021
1,20/04/2021
1,20/04/2021
0,20/04/2021
0,20/04/2021
1,20/04/2021
0,20/04/2021
0,20/04/2021
0,20/04/2021
0,20/04/2021
0,20/04/2021
0,20/04/2021
1,20/04/2021
1,20/04/2021
0,20/04/2021
0,20/04/2021
0,20/04/2021
1,20/04/2021
1,20/04/2021
0,20/04/2021
0,20/04/2021
0,20/04/2021
0,20/04/2021
0,20/04/2021
0,20/04/2021
1,20/04/2021
1,20/04/2021
-1,20/04/2021
0,20/04/2021
1,20/04/2021
1,20/04/2021
1,20/04/2021
0,20/04/2021
1,20/04/2021
-1,20/04/2021
0,20/04/2021
0,19/04/2021
-1,19/04/2021
0,19/04/2021
0,19/04/2021
1,19/04/2021
1,19/04/2021
1,19/04/2021
0,19/04/2021
1,19/04/2021
0,19/04/2021
0,19/04/2021
1,19/04/2021
0,19/04/2021
1,19/04/2021
1,19/04/2021
1,19/04/2021
-1,19/04/2021
0,19/04/2021
1,19/04/2021
1,19/04/2021
1,19/04/2021
0,19/04/2021
0,19/04/2021
0,19/04/2021
0,19/04/2021
1,19/04/2021
0,19/04/2021
0,19/04/2021
1,19/04/2021
1,19/04/2021
0,19/04/2021
-1,19/04/2021
1,19/04/2021
1,19/04/2021
0,19/04/2021
0,19/04/2021
0,19/04/2021
-1,19/04/2021
0,19/04/2021
1,19/04/2021
1,19/04/2021
1,19/04/2021
1,19/04/2021
1,19/04/2021
1,19/04/2021
0,19/04/2021
1,19/04/2021
1,19/04/2021
0,19/04/2021
1,19/04/2021
0,19/04/2021
0,19/04/2021
0,19/04/2021
0,19/04/2021
0,19/04/2021
0,19/04/2021
-1,19/04/2021
1,19/04/2021
0,19/04/2021
1,19/04/2021
1,19/04/2021
0,19/04/2021
0,19/04/2021
0,19/04/2021
0,19/04/2021
0,19/04/2021
0,19/04/2021
0,19/04/2021
0,19/04/2021
1,19/04/2021
1,19/04/2021
0,19/04/2021
1,19/04/2021
1,19/04/2021
1,19/04/2021
1,19/04/2021
0,19/04/2021
0,19/04/2021
0,19/04/2021
0,19/04/2021
0,19/04/2021
-1,19/04/2021
1,19/04/2021
1,18/04/2021
0,18/04/2021
1,18/04/2021
0,18/04/2021
0,18/04/2021
0,18/04/2021
0,18/04/2021
-1,18/04/2021
0,18/04/2021
1,18/04/2021
-1,18/04/2021
1,18/04/2021
0,18/04/2021
1,18/04/2021
1,18/04/2021
0,18/04/2021
1,18/04/2021
0,18/04/2021
0,18/04/2021
1,18/04/2021
0,18/04/2021
0,18/04/2021
1,18/04/2021
-1,18/04/2021
1,18/04/2021
0,18/04/2021
1,18/04/2021
1,18/04/2021
1,18/04/2021
0,18/04/2021
1,18/04/2021
0,18/04/2021
1,18/04/2021
1,18/04/2021
0,18/04/2021
1,18/04/2021
-1,18/04/2021
1,18/04/2021
0,18/04/2021
1,18/04/2021
1,18/04/2021
0,18/04/2021
1,18/04/2021
1,18/04/2021
1,18/04/2021
0,18/04/2021
0,18/04/2021
1,18/04/2021
0,18/04/2021
1,18/04/2021
0,18/04/2021
0,18/04/2021
0,18/04/2021
0,18/04/2021
0,18/04/2021
0,18/04/2021
1,18/04/2021
0,18/04/2021
0,18/04/2021
0,18/04/2021
0,18/04/2021
0,18/04/2021
0,18/04/2021
0,18/04/2021
0,18/04/2021
1,18/04/2021
0,18/04/2021
0,18/04/2021
1,18/04/2021
1,18/04/2021
1,18/04/2021
0,18/04/2021
0,18/04/2021
1,18/04/2021
1,18/04/2021
0,18/04/2021
1,18/04/2021
0,18/04/2021
1,18/04/2021
0,18/04/2021
1,18/04/2021
0,18/04/2021
0,18/04/2021
0,18/04/2021
1,18/04/2021
0,18/04/2021
1,18/04/2021
0,18/04/2021
1,18/04/2021
0,18/04/2021
1,18/04/2021
1,18/04/2021
1,18/04/2021
1,18/04/2021
0,17/04/2021
0,17/04/2021
0,17/04/2021
1,17/04/2021
0,17/04/2021
1,17/04/2021
1,29/05/2021
0,29/05/2021
0,29/05/2021
1,29/05/2021
0,29/05/2021
0,29/05/2021
0,29/05/2021
0,29/05/2021
0,29/05/2021
1,29/05/2021
0,29/05/2021
1,29/05/2021
0,29/05/2021
1,29/05/2021
1,29/05/2021
0,29/05/2021
1,29/05/2021
0,29/05/2021
0,29/05/2021
0,29/05/2021
1,29/05/2021
0,29/05/2021
0,29/05/2021
0,29/05/2021
1,29/05/2021
-1,29/05/2021
1,29/05/2021
1,29/05/2021
1,29/05/2021
0,29/05/2021
0,29/05/2021
1,29/05/2021
1,29/05/2021
1,29/05/2021
1,29/05/2021
0,29/05/2021
0,29/05/2021
0,29/05/2021
0,29/05/2021
0,29/05/2021
1,29/05/2021
0,29/05/2021
0,29/05/2021
0,29/05/2021
1,29/05/2021
0,29/05/2021
0,29/05/2021
0,29/05/2021
1,29/05/2021
0,29/05/2021
0,29/05/2021
1,29/05/2021
0,29/05/2021
0,29/05/2021
0,29/05/2021
0,29/05/2021
-1,29/05/2021
1,29/05/2021
0,29/05/2021
0,29/05/2021
1,29/05/2021
0,29/05/2021
0,29/05/2021
0,29/05/2021
0,29/05/2021
1,29/05/2021
0,29/05/2021
0,29/05/2021
0,29/05/2021
1,29/05/2021
1,29/05/2021
0,29/05/2021
0,29/05/2021
1,29/05/2021
1,29/05/2021
-1,29/05/2021
1,29/05/2021
0,29/05/2021
1,29/05/2021
0,29/05/2021
0,29/05/2021
0,29/05/2021
0,29/05/2021
1,29/05/2021
1,29/05/2021
0,29/05/2021
0,29/05/2021
1,29/05/2021
0,29/05/2021
0,29/05/2021
0,29/05/2021
0,28/05/2021
0,28/05/2021
1,28/05/2021
0,28/05/2021
0,28/05/2021
1,28/05/2021
0,28/05/2021
0,28/05/2021
1,28/05/2021
1,28/05/2021
0,28/05/2021
1,28/05/2021
1,28/05/2021
-1,28/05/2021
1,28/05/2021
-1,28/05/2021
0,28/05/2021
0,28/05/2021
1,28/05/2021
1,28/05/2021
0,28/05/2021
0,28/05/2021
0,28/05/2021
1,28/05/2021
1,28/05/2021
1,28/05/2021
1,28/05/2021
0,28/05/2021
0,28/05/2021
1,28/05/2021
0,28/05/2021
0,28/05/2021
1,28/05/2021
1,28/05/2021
0,28/05/2021
1,28/05/2021
0,28/05/2021
0,28/05/2021
1,28/05/2021
0,28/05/2021
1,28/05/2021
1,28/05/2021
0,28/05/2021
0,28/05/2021
0,28/05/2021
0,28/05/2021
0,28/05/2021
1,28/05/2021
0,28/05/2021
1,28/05/2021
1,28/05/2021
-1,28/05/2021
0,28/05/2021
1,28/05/2021
1,28/05/2021
0,28/05/2021
1,28/05/2021
0,28/05/2021
1,28/05/2021
0,28/05/2021
1,28/05/2021
0,28/05/2021
0,28/05/2021
0,28/05/2021
0,28/05/2021
1,28/05/2021
1,28/05/2021
-1,28/05/2021
-1,28/05/2021
0,28/05/2021
0,28/05/2021
0,28/05/2021
0,28/05/2021
0,28/05/2021
0,28/05/2021
0,28/05/2021
0,28/05/2021
0,28/05/2021
0,28/05/2021
1,28/05/2021
0,28/05/2021
0,28/05/2021
1,28/05/2021
0,28/05/2021
0,28/05/2021
0,28/05/2021
-1,28/05/2021
1,28/05/2021
1,28/05/2021
0,28/05/2021
0,28/05/2021
0,28/05/2021
1,28/05/2021
0,28/05/2021
1,28/05/2021
1,28/05/2021
0,28/05/2021
0,28/05/2021
0,28/05/2021
-1,28/05/2021
0,28/05/2021
1,28/05/2021
1,28/05/2021
0,27/05/2021
0,27/05/2021
0,27/05/2021
0,27/05/2021
1,27/05/2021
1,27/05/2021
0,27/05/2021
0,27/05/2021
1,27/05/2021
0,27/05/2021
0,27/05/2021
0,27/05/2021
1,27/05/2021
1,27/05/2021
0,27/05/2021
0,27/05/2021
0,27/05/2021
1,27/05/2021
0,27/05/2021
0,27/05/2021
1,27/05/2021
-1,27/05/2021
1,27/05/2021
0,27/05/2021
0,27/05/2021
0,27/05/2021
1,27/05/2021
1,27/05/2021
1,27/05/2021
0,27/05/2021
0,27/05/2021
1,27/05/2021
0,27/05/2021
1,27/05/2021
0,27/05/2021
0,27/05/2021
0,27/05/2021
0,27/05/2021
1,27/05/2021
0,27/05/2021
1,27/05/2021
0,27/05/2021
0,27/05/2021
0,27/05/2021
0,27/05/2021
1,27/05/2021
0,27/05/2021
0,27/05/2021
0,27/05/2021
0,27/05/2021
1,27/05/2021
0,27/05/2021
1,27/05/2021
1,27/05/2021
0,27/05/2021
0,27/05/2021
1,27/05/2021
0,27/05/2021
0,27/05/2021
1,27/05/2021
1,27/05/2021
0,27/05/2021
1,27/05/2021
0,27/05/2021
1,27/05/2021
1,27/05/2021
1,27/05/2021
0,27/05/2021
0,27/05/2021
1,27/05/2021
0,27/05/2021
1,27/05/2021
0,27/05/2021
1,27/05/2021
0,27/05/2021
0,27/05/2021
0,27/05/2021
0,27/05/2021
0,27/05/2021
0,27/05/2021
1,27/05/2021
0,27/05/2021
0,27/05/2021
0,27/05/2021
1,27/05/2021
1,27/05/2021
1,27/05/2021
1,27/05/2021
1,26/05/2021
0,26/05/2021
1,26/05/2021
0,26/05/2021
1,26/05/2021
0,26/05/2021
1,26/05/2021
0,26/05/2021
1,26/05/2021
1,26/05/2021
0,26/05/2021
1,26/05/2021
0,26/05/2021
1,26/05/2021
1,26/05/2021
0,26/05/2021
0,26/05/2021
0,26/05/2021
0,26/05/2021
1,26/05/2021
1,26/05/2021
1,26/05/2021
1,26/05/2021
0,26/05/2021
1,26/05/2021
1,26/05/2021
1,26/05/2021
1,26/05/2021
0,26/05/2021
0,26/05/2021
0,26/05/2021
1,26/05/2021
0,26/05/2021
0,26/05/2021
0,26/05/2021
1,26/05/2021
0,26/05/2021
0,26/05/2021
0,26/05/2021
0,26/05/2021
0,26/05/2021
0,26/05/2021
0,26/05/2021
1,26/05/2021
0,26/05/2021
1,26/05/2021
1,26/05/2021
0,26/05/2021
0,26/05/2021
1,26/05/2021
0,26/05/2021
0,26/05/2021
1,26/05/2021
1,26/05/2021
0,26/05/2021
0,26/05/2021
1,26/05/2021
0,26/05/2021
0,26/05/2021
0,26/05/2021
1,26/05/2021
0,26/05/2021
0,26/05/2021
1,26/05/2021
0,26/05/2021
0,26/05/2021
1,26/05/2021
0,26/05/2021
0,26/05/2021
0,26/05/2021
0,26/05/2021
1,26/05/2021
0,26/05/2021
0,26/05/2021
0,26/05/2021
0,26/05/2021
0,26/05/2021
1,26/05/2021
0,26/05/2021
0,26/05/2021
1,26/05/2021
1,26/05/2021
0,26/05/2021
1,26/05/2021
0,26/05/2021
-1,26/05/2021
1,26/05/2021
1,26/05/2021
0,26/05/2021
1,26/05/2021
1,26/05/2021
0,26/05/2021
1,26/05/2021
0,26/05/2021
0,26/05/2021
0,26/05/2021
1,26/05/2021
0,26/05/2021
0,25/05/2021
1,25/05/2021
0,25/05/2021
0,25/05/2021
0,25/05/2021
-1,25/05/2021
1,25/05/2021
0,25/05/2021
1,25/05/2021
0,25/05/2021
0,25/05/2021
1,25/05/2021
1,25/05/2021
0,25/05/2021
1,25/05/2021
1,25/05/2021
1,25/05/2021
0,25/05/2021
1,25/05/2021
0,25/05/2021
0,25/05/2021
0,25/05/2021
0,25/05/2021
0,25/05/2021
1,25/05/2021
1,25/05/2021
1,25/05/2021
0,25/05/2021
1,25/05/2021
0,25/05/2021
0,25/05/2021
0,25/05/2021
0,25/05/2021
1,25/05/2021
0,25/05/2021
1,25/05/2021
1,25/05/2021
0,25/05/2021
0,25/05/2021
0,25/05/2021
1,25/05/2021
1,25/05/2021
0,25/05/2021
1,25/05/2021
1,25/05/2021
0,25/05/2021
0,25/05/2021
0,25/05/2021
1,25/05/2021
1,25/05/2021
0,25/05/2021
1,25/05/2021
0,25/05/2021
0,25/05/2021
0,25/05/2021
1,25/05/2021
-1,23/06/2021
0,23/06/2021
1,23/06/2021
0,23/06/2021
1,23/06/2021
0,23/06/2021
0,23/06/2021
0,23/06/2021
1,23/06/2021
0,23/06/2021
0,23/06/2021
0,23/06/2021
0,23/06/2021
1,23/06/2021
1,23/06/2021
1,23/06/2021
0,23/06/2021
0,23/06/2021
0,23/06/2021
1,23/06/2021
1,23/06/2021
1,23/06/2021
0,23/06/2021
0,23/06/2021
1,23/06/2021
1,23/06/2021
1,23/06/2021
1,23/06/2021
1,23/06/2021
0,23/06/2021
1,23/06/2021
0,23/06/2021
0,23/06/2021
1,23/06/2021
0,23/06/2021
0,23/06/2021
0,23/06/2021
0,23/06/2021
0,23/06/2021
1,23/06/2021
0,23/06/2021
1,23/06/2021
1,23/06/2021
-1,23/06/2021
1,23/06/2021
0,23/06/2021
0,23/06/2021
0,23/06/2021
0,23/06/2021
1,23/06/2021
0,23/06/2021
1,23/06/2021
1,23/06/2021
0,23/06/2021
0,23/06/2021
0,23/06/2021
1,23/06/2021
1,23/06/2021
0,23/06/2021
1,23/06/2021
1,23/06/2021
-1,23/06/2021
0,23/06/2021
0,23/06/2021
1,23/06/2021
0,23/06/2021
1,23/06/2021
0,23/06/2021
1,23/06/2021
1,23/06/2021
0,23/06/2021
1,23/06/2021
1,23/06/2021
1,23/06/2021
1,23/06/2021
0,23/06/2021
1,23/06/2021
0,23/06/2021
1,23/06/2021
0,23/06/2021
-1,23/06/2021
1,23/06/2021
1,23/06/2021
1,23/06/2021
1,23/06/2021
0,23/06/2021
0,23/06/2021
0,23/06/2021
1,23/06/2021
1,23/06/2021
1,23/06/2021
0,23/06/2021
-1,23/06/2021
0,23/06/2021
1,23/06/2021
-1,23/06/2021
1,23/06/2021
1,23/06/2021
1,23/06/2021
1,23/06/2021
1,23/06/2021
0,23/06/2021
0,23/06/2021
1,23/06/2021
1,23/06/2021
0,23/06/2021
1,23/06/2021
0,23/06/2021
0,23/06/2021
0,23/06/2021
1,23/06/2021
1,23/06/2021
0,23/06/2021
0,23/06/2021
0,23/06/2021
1,23/06/2021
0,23/06/2021
0,23/06/2021
1,23/06/2021
0,23/06/2021
1,23/06/2021
1,23/06/2021
0,23/06/2021
0,23/06/2021
0,23/06/2021
0,23/06/2021
1,23/06/2021
0,23/06/2021
0,23/06/2021
0,23/06/2021
0,23/06/2021
0,23/06/2021
0,23/06/2021
1,23/06/2021
1,23/06/2021
0,23/06/2021
0,23/06/2021
0,23/06/2021
0,23/06/2021
1,23/06/2021
1,23/06/2021
1,23/06/2021
1,23/06/2021
0,23/06/2021
0,23/06/2021
0,23/06/2021
1,23/06/2021
0,23/06/2021
1,23/06/2021
0,23/06/2021
0,23/06/2021
0,23/06/2021
0,23/06/2021
0,23/06/2021
1,23/06/2021
0,23/06/2021
0,23/06/2021
0,23/06/2021
0,23/06/2021
0,23/06/2021
1,23/06/2021
1,23/06/2021
0,23/06/2021
1,23/06/2021
0,23/06/2021
0,23/06/2021
0,23/06/2021
0,23/06/2021
1,23/06/2021
1,23/06/2021
0,23/06/2021
0,23/06/2021
0,23/06/2021
0,23/06/2021
0,23/06/2021
1,23/06/2021
0,23/06/2021
0,23/06/2021
0,23/06/2021
1,23/06/2021
0,23/06/2021
1,23/06/2021
0,23/06/2021
1,23/06/2021
0,23/06/2021
0,23/06/2021
1,23/06/2021
0,23/06/2021
0,23/06/2021
0,23/06/2021
0,23/06/2021
1,23/06/2021
0,23/06/2021
0,23/06/2021
0,23/06/2021
0,23/06/2021
0,23/06/2021
1,23/06/2021
0,23/06/2021
0,23/06/2021
0,23/06/2021
1,23/06/2021
0,23/06/2021
0,23/06/2021
0,23/06/2021
0,23/06/2021
0,23/06/2021
1,23/06/2021
1,23/06/2021
0,23/06/2021
0,23/06/2021
0,23/06/2021
0,23/06/2021
0,23/06/2021
0,23/06/2021
1,23/06/2021
0,23/06/2021
0,23/06/2021
0,23/06/2021
0,23/06/2021
-1,23/06/2021
-1,23/06/2021
0,23/06/2021
1,23/06/2021
1,23/06/2021
1,23/06/2021
1,23/06/2021
1,23/06/2021
1,23/06/2021
0,23/06/2021
1,23/06/2021
1,23/06/2021
1,23/06/2021
0,23/06/2021
0,23/06/2021
0,23/06/2021
1,23/06/2021
-1,23/06/2021
0,23/06/2021
-1,23/06/2021
-1,23/06/2021
1,23/06/2021
1,23/06/2021
1,23/06/2021
1,23/06/2021
0,23/06/2021
1,23/06/2021
0,23/06/2021
1,23/06/2021
0,23/06/2021
1,23/06/2021
0,23/06/2021
1,23/06/2021
1,23/06/2021
1,23/06/2021
1,23/06/2021
-1,23/06/2021
0,23/06/2021
1,23/06/2021
1,23/06/2021
0,23/06/2021
0,23/06/2021
1,23/06/2021
1,23/06/2021
0,23/06/2021
1,23/06/2021
0,23/06/2021
1,23/06/2021
-1,23/06/2021
1,23/06/2021
1,23/06/2021
1,23/06/2021
1,23/06/2021
1,23/06/2021
1,23/06/2021
1,23/06/2021
1,23/06/2021
0,23/06/2021
0,23/06/2021
1,23/06/2021
1,23/06/2021
0,23/06/2021
1,23/06/2021
1,23/06/2021
0,23/06/2021
0,23/06/2021
0,23/06/2021
1,23/06/2021
0,23/06/2021
0,23/06/2021
1,23/06/2021
1,23/06/2021
0,23/06/2021
0,23/06/2021
0,23/06/2021
1,23/06/2021
0,23/06/2021
1,23/06/2021
1,23/06/2021
-1,23/06/2021
0,23/06/2021
1,23/06/2021
1,23/06/2021
1,23/06/2021
1,23/06/2021
-1,23/06/2021
1,23/06/2021
1,23/06/2021
1,23/06/2021
1,23/06/2021
0,23/06/2021
-1,23/06/2021
0,23/06/2021
0,23/06/2021
1,23/06/2021
1,23/06/2021
1,23/06/2021
1,23/06/2021
-1,23/06/2021
1,23/06/2021
1,23/06/2021
1,23/06/2021
1,23/06/2021
0,23/06/2021
0,23/06/2021
0,23/06/2021
1,23/06/2021
0,23/06/2021
0,23/06/2021
1,23/06/2021
0,23/06/2021
1,23/06/2021
1,23/06/2021
1,23/06/2021
0,23/06/2021
1,23/06/2021
1,23/06/2021
0,23/06/2021
0,23/06/2021
1,23/06/2021
1,23/06/2021
0,23/06/2021
1,23/06/2021
0,23/06/2021
1,23/06/2021
1,23/06/2021
1,23/06/2021
1,23/06/2021
-1,23/06/2021
1,23/06/2021
0,23/06/2021
1,23/06/2021
1,23/06/2021
0,23/06/2021
1,23/06/2021
0,23/06/2021
0,23/06/2021
1,23/06/2021
1,23/06/2021
-1,23/06/2021
1,23/06/2021
1,23/06/2021
1,23/06/2021
1,23/06/2021
0,23/06/2021
1,23/06/2021
0,23/06/2021
0,23/06/2021
0,23/06/2021
1,23/06/2021
1,23/06/2021
-1,23/06/2021
0,23/06/2021
0,23/06/2021
0,23/06/2021
1,23/06/2021
0,23/06/2021
0,23/06/2021
1,23/06/2021
0,23/06/2021
-1,23/06/2021
-1,23/06/2021
1,23/06/2021
0,23/06/2021
1,23/06/2021
0,23/06/2021
1,23/06/2021
0,23/06/2021
0,23/06/2021
0,23/06/2021
0,23/06/2021
0,23/06/2021
0,23/06/2021
0,23/06/2021
-1,23/06/2021
1,23/06/2021
0,23/06/2021
1,23/06/2021
0,23/06/2021
0,23/06/2021
1,23/06/2021
1,23/06/2021
1,23/06/2021
1,23/06/2021
0,23/06/2021
0,23/06/2021
0,23/06/2021
1,23/06/2021
1,23/06/2021
-1,23/06/2021
0,23/06/2021
0,23/06/2021
1,23/06/2021
0,23/06/2021
0,23/06/2021
1,23/06/2021
0,23/06/2021
1,23/06/2021
0,23/06/2021
0,23/06/2021
0,23/06/2021
0,23/06/2021
1,23/06/2021
0,23/06/2021
1,23/06/2021
1,23/06/2021
0,23/06/2021
1,23/06/2021
-1,23/06/2021
-1,23/06/2021
0,23/06/2021
1,23/06/2021
1,23/06/2021
-1,23/06/2021
0,23/06/2021
0,23/06/2021
0,23/06/2021
1,23/06/2021
1,23/06/2021
0,23/06/2021
1,23/06/2021
-1,23/06/2021
1,23/06/2021
0,23/06/2021
0,23/06/2021
-1,23/06/2021
0,23/06/2021
0,23/06/2021
1,23/06/2021
1,23/06/2021
1,23/06/2021
0,23/06/2021
1,23/06/2021
0,23/06/2021
0,23/06/2021
-1,23/06/2021
0,23/06/2021
1,23/06/2021
-1,23/06/2021
1,23/06/2021
1,23/06/2021
1,23/06/2021
1,23/06/2021
-1,23/06/2021
0,23/06/2021
1,23/06/2021
1,23/06/2021
0,23/06/2021
0,23/06/2021
1,23/06/2021
1,23/06/2021
-1,23/06/2021
-1,23/06/2021
0,23/06/2021
0,23/06/2021
0,23/06/2021
1,23/06/2021
1,23/06/2021
0,23/06/2021
0,23/06/2021
-1,23/06/2021
0,23/06/2021
0,23/06/2021
0,23/06/2021
0,23/06/2021
0,23/06/2021
0,23/06/2021
1,23/06/2021
0,23/06/2021
1,23/06/2021
0,23/06/2021
-1,23/06/2021
0,23/06/2021
1,23/06/2021
0,23/06/2021
1,23/06/2021
1,23/06/2021
0,23/06/2021
1,23/06/2021
1,23/06/2021
1,23/06/2021
0,23/06/2021
0,23/06/2021
1,23/06/2021
0,23/06/2021
0,23/06/2021
-1,23/06/2021
1,23/06/2021
0,23/06/2021
0,23/06/2021
0,23/06/2021
1,23/06/2021
1,23/06/2021
1,23/06/2021
0,23/06/2021
1,23/06/2021
0,23/06/2021
1,23/06/2021
0,23/06/2021
1,23/06/2021
1,23/06/2021
0,23/06/2021
1,23/06/2021
-1,23/06/2021
1,23/06/2021
0,23/06/2021
0,23/06/2021
1,23/06/2021
0,23/06/2021
1,23/06/2021
0,23/06/2021
1,23/06/2021
1,23/06/2021
1,23/06/2021
1,23/06/2021
1,23/06/2021
0,23/06/2021
1,23/06/2021
1,23/06/2021
-1,23/06/2021
1,23/06/2021
1,23/06/2021
1,23/06/2021
0,23/06/2021
0,23/06/2021
-1,23/06/2021
1,23/06/2021
1,23/06/2021
1,23/06/2021
1,23/06/2021
1,23/06/2021
-1,23/06/2021
0,23/06/2021
0,23/06/2021
1,23/06/2021
0,23/06/2021
0,23/06/2021
0,23/06/2021
1,23/06/2021
0,23/06/2021
0,23/06/2021
0,23/06/2021
-1,23/06/2021
1,23/06/2021
0,23/06/2021
1,23/06/2021
0,23/06/2021
1,23/06/2021
1,23/06/2021
-1,23/06/2021
0,23/06/2021
1,23/06/2021
0,23/06/2021
0,23/06/2021
0,23/06/2021
-1,23/06/2021
1,23/06/2021
0,23/06/2021
0,23/06/2021
0,23/06/2021
1,23/06/2021
1,23/06/2021
-1,23/06/2021
1,23/06/2021
-1,23/06/2021
1,23/06/2021
0,23/06/2021
1,22/06/2021
0,22/06/2021
1,22/06/2021
1,22/06/2021
1,22/06/2021
1,22/06/2021
1,22/06/2021
1,22/06/2021
-1,22/06/2021
1,22/06/2021
0,22/06/2021
0,22/06/2021
0,22/06/2021
0,22/06/2021
1,22/06/2021
0,22/06/2021
1,22/06/2021
-1,22/06/2021
1,22/06/2021
0,22/06/2021
1,22/06/2021
-1,22/06/2021
0,22/06/2021
1,22/06/2021
-1,22/06/2021
1,22/06/2021
1,22/06/2021
-1,22/06/2021
1,22/06/2021
1,22/06/2021
1,22/06/2021
-1,22/06/2021
1,22/06/2021
1,22/06/2021
1,22/06/2021
0,22/06/2021
0,22/06/2021
1,22/06/2021
-1,22/06/2021
0,22/06/2021
-1,22/06/2021
1,22/06/2021
1,22/06/2021
0,22/06/2021
0,22/06/2021
1,22/06/2021
1,22/06/2021
1,22/06/2021
-1,22/06/2021
1,22/06/2021
0,22/06/2021
0,22/06/2021
1,22/06/2021
1,22/06/2021
1,22/06/2021
0,22/06/2021
1,22/06/2021
0,22/06/2021
0,22/06/2021
0,22/06/2021
1,22/06/2021
0,22/06/2021
0,22/06/2021
0,22/06/2021
1,22/06/2021
-1,22/06/2021
0,22/06/2021
0,22/06/2021
1,22/06/2021
0,22/06/2021
0,22/06/2021
0,22/06/2021
1,22/06/2021
0,22/06/2021
1,22/06/2021
1,22/06/2021
1,22/06/2021
0,22/06/2021
0,22/06/2021
0,22/06/2021
0,22/06/2021
1,22/06/2021
1,22/06/2021
0,22/06/2021
-1,22/06/2021
1,22/06/2021
1,22/06/2021
0,22/06/2021
1,22/06/2021
0,22/06/2021
1,22/06/2021
1,22/06/2021
1,22/06/2021
1,22/06/2021
0,22/06/2021
0,22/06/2021
0,22/06/2021
-1,22/06/2021
-1,22/06/2021
0,22/06/2021
0,22/06/2021
0,22/06/2021
1,22/06/2021
1,22/06/2021
0,22/06/2021
1,22/06/2021
0,22/06/2021
0,22/06/2021
0,22/06/2021
1,22/06/2021
0,22/06/2021
1,22/06/2021
1,22/06/2021
-1,22/06/2021
1,22/06/2021
1,22/06/2021
0,22/06/2021
1,22/06/2021
1,22/06/2021
-1,22/06/2021
0,22/06/2021
0,22/06/2021
0,22/06/2021
1,22/06/2021
1,22/06/2021
0,22/06/2021
0,22/06/2021
1,22/06/2021
1,22/06/2021
1,22/06/2021
0,22/06/2021
-1,22/06/2021
1,22/06/2021
1,22/06/2021
0,22/06/2021
1,22/06/2021
0,22/06/2021
0,22/06/2021
1,22/06/2021
0,22/06/2021
0,22/06/2021
1,22/06/2021
1,22/06/2021
0,22/06/2021
1,22/06/2021
1,22/06/2021
0,22/06/2021
0,22/06/2021
1,22/06/2021
0,22/06/2021
1,22/06/2021
1,22/06/2021
-1,22/06/2021
1,22/06/2021
0,22/06/2021
1,22/06/2021
1,22/06/2021
0,22/06/2021
0,22/06/2021
0,22/06/2021
0,22/06/2021
1,22/06/2021
0,22/06/2021
0,22/06/2021
0,22/06/2021
0,22/06/2021
0,22/06/2021
0,22/06/2021
0,22/06/2021
0,22/06/2021
0,22/06/2021
0,22/06/2021
0,22/06/2021
1,22/06/2021
0,22/06/2021
1,22/06/2021
0,22/06/2021
-1,22/06/2021
1,22/06/2021
1,22/06/2021
1,22/06/2021
0,22/06/2021
1,22/06/2021
0,22/06/2021
0,22/06/2021
1,22/06/2021
0,22/06/2021
1,22/06/2021
0,22/06/2021
0,22/06/2021
1,22/06/2021
0,22/06/2021
0,22/06/2021
1,22/06/2021
1,22/06/2021
1,22/06/2021
0,22/06/2021
0,22/06/2021
-1,22/06/2021
1,22/06/2021
1,22/06/2021
1,22/06/2021
0,22/06/2021
0,22/06/2021
1,22/06/2021
0,22/06/2021
0,22/06/2021
1,22/06/2021
0,22/06/2021
0,22/06/2021
0,22/06/2021
0,22/06/2021
1,22/06/2021
1,22/06/2021
-1,22/06/2021
1,22/06/2021
1,22/06/2021
1,22/06/2021
1,22/06/2021
1,22/06/2021
1,22/06/2021
1,22/06/2021
1,22/06/2021
0,22/06/2021
0,22/06/2021
0,22/06/2021
-1,22/06/2021
-1,22/06/2021
0,22/06/2021
0,22/06/2021
0,22/06/2021
1,22/06/2021
0,22/06/2021
0,22/06/2021
1,22/06/2021
0,22/06/2021
0,22/06/2021
0,22/06/2021
0,22/06/2021
1,22/06/2021
1,22/06/2021
1,22/06/2021
-1,22/06/2021
0,22/06/2021
0,22/06/2021
0,22/06/2021
1,22/06/2021
-1,22/06/2021
1,22/06/2021
1,22/06/2021
1,22/06/2021
1,22/06/2021
1,22/06/2021
-1,22/06/2021
1,22/06/2021
1,22/06/2021
0,22/06/2021
1,22/06/2021
0,22/06/2021
0,22/06/2021
1,22/06/2021
0,22/06/2021
-1,22/06/2021
0,22/06/2021
-1,22/06/2021
1,22/06/2021
0,22/06/2021
1,22/06/2021
0,22/06/2021
0,22/06/2021
-1,22/06/2021
1,22/06/2021
1,22/06/2021
1,22/06/2021
1,22/06/2021
1,22/06/2021
1,22/06/2021
-1,22/06/2021
1,22/06/2021
1,22/06/2021
0,22/06/2021
1,22/06/2021
1,22/06/2021
1,22/06/2021
1,22/06/2021
0,22/06/2021
1,22/06/2021
0,22/06/2021
1,22/06/2021
-1,22/06/2021
1,22/06/2021
1,22/06/2021
1,22/06/2021
0,22/06/2021
0,22/06/2021
1,22/06/2021
1,22/06/2021
1,22/06/2021
-1,22/06/2021
1,22/06/2021
0,22/06/2021
1,22/06/2021
0,22/06/2021
0,22/06/2021
0,22/06/2021
0,22/06/2021
1,22/06/2021
1,22/06/2021
0,22/06/2021
1,22/06/2021
1,22/06/2021
1,22/06/2021
-1,22/06/2021
-1,22/06/2021
1,22/06/2021
0,22/06/2021
0,22/06/2021
1,22/06/2021
1,22/06/2021
1,22/06/2021
1,22/06/2021
0,22/06/2021
1,22/06/2021
0,22/06/2021
1,22/06/2021
0,22/06/2021
0,22/06/2021
0,22/06/2021
0,22/06/2021
0,22/06/2021
-1,22/06/2021
1,22/06/2021
0,22/06/2021
0,22/06/2021
0,22/06/2021
1,22/06/2021
0,22/06/2021
0,22/06/2021
0,22/06/2021
1,22/06/2021
1,22/06/2021
1,22/06/2021
1,22/06/2021
1,22/06/2021
1,22/06/2021
1,22/06/2021
-1,22/06/2021
1,22/06/2021
1,22/06/2021
0,22/06/2021
1,22/06/2021
1,22/06/2021
1,22/06/2021
-1,22/06/2021
0,22/06/2021
0,22/06/2021
1,22/06/2021
1,22/06/2021
-1,22/06/2021
1,22/06/2021
1,22/06/2021
0,22/06/2021
0,22/06/2021
1,22/06/2021
-1,22/06/2021
0,22/06/2021
0,22/06/2021
1,22/06/2021
1,22/06/2021
0,22/06/2021
0,22/06/2021
1,22/06/2021
1,22/06/2021
-1,22/06/2021
1,22/06/2021
0,22/06/2021
0,22/06/2021
1,22/06/2021
0,22/06/2021
1,22/06/2021
0,22/06/2021
0,22/06/2021
1,22/06/2021
1,22/06/2021
1,22/06/2021
1,22/06/2021
0,22/06/2021
1,22/06/2021
1,22/06/2021
1,22/06/2021
1,22/06/2021
0,22/06/2021
0,22/06/2021
0,22/06/2021
0,22/06/2021
0,22/06/2021
1,22/06/2021
0,22/06/2021
0,22/06/2021
-1,22/06/2021
1,22/06/2021
-1,22/06/2021
1,22/06/2021
0,22/06/2021
1,22/06/2021
1,22/06/2021
1,22/06/2021
1,22/06/2021
1,22/06/2021
0,22/06/2021
1,22/06/2021
0,22/06/2021
1,22/06/2021
0,22/06/2021
0,22/06/2021
1,22/06/2021
1,22/06/2021
-1,22/06/2021
-1,22/06/2021
0,22/06/2021
0,22/06/2021
0,22/06/2021
1,22/06/2021
0,22/06/2021
1,22/06/2021
1,22/06/2021
1,22/06/2021
0,22/06/2021
1,22/06/2021
1,22/06/2021
0,22/06/2021
-1,22/06/2021
-1,22/06/2021
1,22/06/2021
1,22/06/2021
0,22/06/2021
1,22/06/2021
1,22/06/2021
1,22/06/2021
1,22/06/2021
1,22/06/2021
-1,22/06/2021
1,22/06/2021
1,22/06/2021
-1,22/06/2021
1,22/06/2021
0,22/06/2021
0,22/06/2021
-1,22/06/2021
1,22/06/2021
0,22/06/2021
1,22/06/2021
1,22/06/2021
0,22/06/2021
0,22/06/2021
1,22/06/2021
1,22/06/2021
1,22/06/2021
0,22/06/2021
1,22/06/2021
0,22/06/2021
1,22/06/2021
1,22/06/2021
1,22/06/2021
0,22/06/2021
1,22/06/2021
1,22/06/2021
1,22/06/2021
1,22/06/2021
1,22/06/2021
1,22/06/2021
0,22/06/2021
1,22/06/2021
1,22/06/2021
1,22/06/2021
1,22/06/2021
0,22/06/2021
1,22/06/2021
0,22/06/2021
-1,22/06/2021
1,22/06/2021
1,22/06/2021
1,22/06/2021
1,22/06/2021
1,22/06/2021
1,22/06/2021
1,22/06/2021
-1,22/06/2021
1,22/06/2021
1,22/06/2021
0,22/06/2021
0,22/06/2021
1,22/06/2021
1,22/06/2021
1,22/06/2021
1,22/06/2021
1,22/06/2021
0,22/06/2021
0,22/06/2021
1,22/06/2021
1,22/06/2021
1,22/06/2021
1,22/06/2021
0,22/06/2021
1,22/06/2021
-1,22/06/2021
1,22/06/2021
1,22/06/2021
-1,22/06/2021
1,22/06/2021
0,22/06/2021
0,22/06/2021
1,22/06/2021
0,22/06/2021
1,22/06/2021
1,22/06/2021
0,22/06/2021
1,22/06/2021
-1,22/06/2021
1,22/06/2021
1,22/06/2021
1,22/06/2021
1,22/06/2021
1,22/06/2021
1,22/06/2021
-1,22/06/2021
1,22/06/2021
0,22/06/2021
1,22/06/2021
1,22/06/2021
1,22/06/2021
-1,22/06/2021
1,22/06/2021
-1,22/06/2021
1,22/06/2021
0,22/06/2021
1,22/06/2021
0,22/06/2021
0,22/06/2021
1,22/06/2021
1,22/06/2021
0,22/06/2021
1,22/06/2021
1,22/06/2021
1,22/06/2021
1,22/06/2021
0,22/06/2021
1,22/06/2021
0,22/06/2021
0,22/06/2021
0,22/06/2021
1,22/06/2021
0,22/06/2021
1,22/06/2021
1,22/06/2021
1,22/06/2021
0,22/06/2021
0,22/06/2021
0,22/06/2021
0,22/06/2021
0,22/06/2021
1,22/06/2021
-1,22/06/2021
1,22/06/2021
1,22/06/2021
0,22/06/2021
1,22/06/2021
0,22/06/2021
0,22/06/2021
1,22/06/2021
1,22/06/2021
-1,22/06/2021
-1,22/06/2021
0,22/06/2021
1,22/06/2021
1,22/06/2021
0,22/06/2021
1,22/06/2021
1,22/06/2021
1,22/06/2021
1,22/06/2021
0,22/06/2021
1,22/06/2021
0,22/06/2021
1,22/06/2021
0,22/06/2021
1,22/06/2021
0,22/06/2021
1,22/06/2021
0,22/06/2021
1,22/06/2021
1,22/06/2021
1,22/06/2021
0,22/06/2021
1,22/06/2021
0,22/06/2021
0,22/06/2021
1,22/06/2021
-1,22/06/2021
1,22/06/2021
1,22/06/2021
0,22/06/2021
0,22/06/2021
0,22/06/2021
1,22/06/2021
1,22/06/2021
0,22/06/2021
0,22/06/2021
0,22/06/2021
0,22/06/2021
0,22/06/2021
1,22/06/2021
0,22/06/2021
1,22/06/2021
1,22/06/2021
0,22/06/2021
0,22/06/2021
0,22/06/2021
0,22/06/2021
1,22/06/2021
-1,22/06/2021
-1,22/06/2021
0,22/06/2021
1,22/06/2021
0,22/06/2021
0,22/06/2021
0,22/06/2021
1,22/06/2021
-1,22/06/2021
1,22/06/2021
0,22/06/2021
0,22/06/2021
-1,22/06/2021
1,22/06/2021
0,22/06/2021
0,22/06/2021
0,22/06/2021
1,22/06/2021
1,22/06/2021
0,22/06/2021
0,22/06/2021
0,22/06/2021
1,22/06/2021
1,22/06/2021
1,22/06/2021
1,22/06/2021
1,22/06/2021
0,22/06/2021
0,22/06/2021
-1,22/06/2021
1,22/06/2021
1,22/06/2021
0,22/06/2021
1,22/06/2021
0,22/06/2021
0,22/06/2021
0,22/06/2021
1,22/06/2021
1,22/06/2021
0,22/06/2021
0,22/06/2021
0,22/06/2021
1,22/06/2021
-1,22/06/2021
0,22/06/2021
0,22/06/2021
1,22/06/2021
0,22/06/2021
1,22/06/2021
0,22/06/2021
1,22/06/2021
1,22/06/2021
1,22/06/2021
1,22/06/2021
1,22/06/2021
1,22/06/2021
1,22/06/2021
1,22/06/2021
0,22/06/2021
0,22/06/2021
-1,22/06/2021
0,22/06/2021
1,22/06/2021
0,22/06/2021
0,22/06/2021
-1,22/06/2021
0,22/06/2021
0,22/06/2021
0,22/06/2021
0,22/06/2021
-1,22/06/2021
0,22/06/2021
1,22/06/2021
0,22/06/2021
0,22/06/2021
1,22/06/2021
1,22/06/2021
1,22/06/2021
0,22/06/2021
-1,22/06/2021
0,22/06/2021
0,22/06/2021
1,22/06/2021
1,22/06/2021
0,22/06/2021
0,22/06/2021
0,22/06/2021
1,22/06/2021
1,22/06/2021
0,22/06/2021
0,22/06/2021
0,22/06/2021
1,22/06/2021
1,22/06/2021
1,22/06/2021
1,22/06/2021
-1,22/06/2021
0,22/06/2021
-1,22/06/2021
1,22/06/2021
0,22/06/2021
0,22/06/2021
0,22/06/2021
1,22/06/2021
1,22/06/2021
1,22/06/2021
0,22/06/2021
1,22/06/2021
1,22/06/2021
0,22/06/2021
-1,22/06/2021
1,22/06/2021
1,22/06/2021
0,22/06/2021
1,22/06/2021
0,22/06/2021
0,22/06/2021
1,22/06/2021
0,22/06/2021
1,22/06/2021
0,22/06/2021
0,22/06/2021
0,22/06/2021
1,22/06/2021
1,22/06/2021
1,22/06/2021
0,22/06/2021
1,22/06/2021
1,22/06/2021
1,22/06/2021
0,22/06/2021
1,22/06/2021
1,22/06/2021
0,22/06/2021
1,22/06/2021
0,22/06/2021
1,22/06/2021
0,22/06/2021
0,22/06/2021
-1,22/06/2021
1,22/06/2021
0,22/06/2021
0,22/06/2021
0,22/06/2021
1,22/06/2021
0,22/06/2021
0,22/06/2021
1,22/06/2021
1,22/06/2021
1,22/06/2021
1,22/06/2021
1,22/06/2021
1,22/06/2021
0,22/06/2021
1,22/06/2021
1,22/06/2021
1,22/06/2021
-1,22/06/2021
1,22/06/2021
0,22/06/2021
0,22/06/2021
1,22/06/2021
0,22/06/2021
0,22/06/2021
1,22/06/2021
0,22/06/2021
1,22/06/2021
0,22/06/2021
-1,22/06/2021
1,22/06/2021
1,22/06/2021
0,22/06/2021
0,22/06/2021
0,22/06/2021
0,22/06/2021
1,22/06/2021
0,22/06/2021
1,22/06/2021
0,22/06/2021
0,22/06/2021
0,22/06/2021
1,22/06/2021
1,22/06/2021
0,22/06/2021
1,22/06/2021
0,22/06/2021
0,22/06/2021
0,22/06/2021
1,22/06/2021
0,22/06/2021
1,22/06/2021
0,22/06/2021
0,22/06/2021
1,22/06/2021
0,22/06/2021
1,22/06/2021
0,22/06/2021
0,22/06/2021
0,22/06/2021
1,22/06/2021
0,22/06/2021
1,22/06/2021
1,22/06/2021
0,22/06/2021
1,22/06/2021
1,22/06/2021
1,22/06/2021
1,22/06/2021
0,22/06/2021
0,22/06/2021
1,22/06/2021
0,22/06/2021
0,22/06/2021
1,22/06/2021
-1,22/06/2021
0,22/06/2021
1,22/06/2021
1,22/06/2021
0,22/06/2021
-1,22/06/2021
1,22/06/2021
1,22/06/2021
0,22/06/2021
1,22/06/2021
0,22/06/2021
1,22/06/2021
1,22/06/2021
1,22/06/2021
0,22/06/2021
-1,22/06/2021
1,22/06/2021
1,22/06/2021
1,22/06/2021
0,22/06/2021
1,22/06/2021
1,22/06/2021
0,22/06/2021
1,22/06/2021
-1,22/06/2021
0,22/06/2021
1,22/06/2021
-1,22/06/2021
0,22/06/2021
1,22/06/2021
0,22/06/2021
0,22/06/2021
0,22/06/2021
1,22/06/2021
1,22/06/2021
1,22/06/2021
0,22/06/2021
0,22/06/2021
0,22/06/2021
1,22/06/2021
1,22/06/2021
1,22/06/2021
1,22/06/2021
0,22/06/2021
0,22/06/2021
-1,22/06/2021
0,22/06/2021
0,22/06/2021
0,22/06/2021
1,22/06/2021
0,22/06/2021
-1,22/06/2021
1,22/06/2021
1,22/06/2021
1,22/06/2021
0,22/06/2021
1,22/06/2021
1,22/06/2021
1,22/06/2021
1,22/06/2021
1,22/06/2021
0,22/06/2021
0,22/06/2021
0,22/06/2021
0,22/06/2021
1,22/06/2021
0,22/06/2021
1,22/06/2021
1,22/06/2021
1,22/06/2021
1,22/06/2021
0,22/06/2021
1,22/06/2021
0,22/06/2021
0,22/06/2021
1,22/06/2021
0,22/06/2021
0,22/06/2021
1,22/06/2021
1,22/06/2021
1,22/06/2021
0,21/06/2021
0,21/06/2021
0,21/06/2021
0,21/06/2021
1,21/06/2021
1,21/06/2021
-1,21/06/2021
-1,21/06/2021
0,21/06/2021
0,21/06/2021
0,21/06/2021
1,21/06/2021
0,21/06/2021
0,21/06/2021
0,21/06/2021
0,21/06/2021
1,21/06/2021
0,21/06/2021
-1,21/06/2021
1,21/06/2021
0,21/06/2021
1,21/06/2021
1,21/06/2021
1,21/06/2021
1,21/06/2021
0,21/06/2021
0,21/06/2021
1,21/06/2021
0,21/06/2021
1,21/06/2021
0,21/06/2021
1,21/06/2021
1,21/06/2021
0,21/06/2021
0,21/06/2021
1,21/06/2021
1,21/06/2021
-1,21/06/2021
1,21/06/2021
0,21/06/2021
0,21/06/2021
0,21/06/2021
0,21/06/2021
1,21/06/2021
1,21/06/2021
1,21/06/2021
1,21/06/2021
1,21/06/2021
0,21/06/2021
1,21/06/2021
1,21/06/2021
1,21/06/2021
1,21/06/2021
1,21/06/2021
1,21/06/2021
0,21/06/2021
1,21/06/2021
1,21/06/2021
0,21/06/2021
0,21/06/2021
1,21/06/2021
1,21/06/2021
0,21/06/2021
-1,21/06/2021
1,21/06/2021
0,21/06/2021
1,21/06/2021
0,21/06/2021
0,21/06/2021
-1,21/06/2021
1,21/06/2021
1,21/06/2021
0,21/06/2021
0,21/06/2021
-1,21/06/2021
0,21/06/2021
1,21/06/2021
1,21/06/2021
0,21/06/2021
1,21/06/2021
0,21/06/2021
1,21/06/2021
1,21/06/2021
0,21/06/2021
1,21/06/2021
1,21/06/2021
0,21/06/2021
0,21/06/2021
1,21/06/2021
1,21/06/2021
1,21/06/2021
0,21/06/2021
1,21/06/2021
1,21/06/2021
1,21/06/2021
1,21/06/2021
0,21/06/2021
1,21/06/2021
0,21/06/2021
1,21/06/2021
0,21/06/2021
-1,21/06/2021
1,21/06/2021
0,21/06/2021
1,21/06/2021
1,21/06/2021
1,21/06/2021
1,21/06/2021
1,21/06/2021
0,21/06/2021
0,21/06/2021
1,21/06/2021
1,21/06/2021
1,21/06/2021
1,21/06/2021
1,21/06/2021
-1,21/06/2021
0,21/06/2021
1,21/06/2021
0,21/06/2021
1,21/06/2021
0,21/06/2021
0,21/06/2021
-1,21/06/2021
1,21/06/2021
0,21/06/2021
-1,21/06/2021
1,21/06/2021
-1,21/06/2021
1,21/06/2021
1,21/06/2021
0,21/06/2021
0,21/06/2021
-1,21/06/2021
1,21/06/2021
0,21/06/2021
1,21/06/2021
1,21/06/2021
0,21/06/2021
1,21/06/2021
0,21/06/2021
1,21/06/2021
0,21/06/2021
0,21/06/2021
1,21/06/2021
-1,21/06/2021
-1,21/06/2021
0,21/06/2021
1,21/06/2021
-1,21/06/2021
1,21/06/2021
1,21/06/2021
1,21/06/2021
0,21/06/2021
1,21/06/2021
-1,21/06/2021
0,21/06/2021
-1,21/06/2021
1,21/06/2021
1,21/06/2021
-1,21/06/2021
0,21/06/2021
1,21/06/2021
0,21/06/2021
1,21/06/2021
1,21/06/2021
0,21/06/2021
0,21/06/2021
1,21/06/2021
0,21/06/2021
0,21/06/2021
0,21/06/2021
1,21/06/2021
-1,21/06/2021
1,21/06/2021
1,21/06/2021
0,21/06/2021
0,21/06/2021
0,21/06/2021
1,21/06/2021
0,21/06/2021
0,21/06/2021
0,21/06/2021
1,21/06/2021
0,21/06/2021
1,21/06/2021
-1,21/06/2021
0,21/06/2021
1,21/06/2021
0,21/06/2021
0,21/06/2021
1,21/06/2021
1,21/06/2021
-1,21/06/2021
1,21/06/2021
0,21/06/2021
1,21/06/2021
0,21/06/2021
1,21/06/2021
1,21/06/2021
0,21/06/2021
1,21/06/2021
0,21/06/2021
0,21/06/2021
1,21/06/2021
1,21/06/2021
0,21/06/2021
1,21/06/2021
1,21/06/2021
1,21/06/2021
0,21/06/2021
0,21/06/2021
0,21/06/2021
1,21/06/2021
0,21/06/2021
0,21/06/2021
0,21/06/2021
0,21/06/2021
0,21/06/2021
1,21/06/2021
1,21/06/2021
1,21/06/2021
1,21/06/2021
1,21/06/2021
1,21/06/2021
1,21/06/2021
1,21/06/2021
0,21/06/2021
1,21/06/2021
0,21/06/2021
0,21/06/2021
0,21/06/2021
0,21/06/2021
0,21/06/2021
0,21/06/2021
1,21/06/2021
0,21/06/2021
0,21/06/2021
1,21/06/2021
0,21/06/2021
1,21/06/2021
1,21/06/2021
0,21/06/2021
0,21/06/2021
0,21/06/2021
1,21/06/2021
0,21/06/2021
1,21/06/2021
0,21/06/2021
0,21/06/2021
1,21/06/2021
0,21/06/2021
-1,21/06/2021
0,21/06/2021
1,21/06/2021
0,21/06/2021
1,21/06/2021
1,21/06/2021
0,21/06/2021
1,21/06/2021
1,21/06/2021
1,21/06/2021
0,21/06/2021
1,21/06/2021
0,21/06/2021
0,21/06/2021
1,21/06/2021
1,21/06/2021
0,21/06/2021
1,21/06/2021
0,21/06/2021
-1,21/06/2021
0,21/06/2021
0,21/06/2021
1,21/06/2021
1,21/06/2021
1,21/06/2021
0,21/06/2021
0,21/06/2021
1,21/06/2021
0,21/06/2021
-1,21/06/2021
0,21/06/2021
0,21/06/2021
1,21/06/2021
1,21/06/2021
1,21/06/2021
0,21/06/2021
1,21/06/2021
0,21/06/2021
0,21/06/2021
1,21/06/2021
0,21/06/2021
1,21/06/2021
0,21/06/2021
1,21/06/2021
1,21/06/2021
1,21/06/2021
1,21/06/2021
0,21/06/2021
0,21/06/2021
1,21/06/2021
0,21/06/2021
1,21/06/2021
1,21/06/2021
0,21/06/2021
1,21/06/2021
1,21/06/2021
0,21/06/2021
0,21/06/2021
0,21/06/2021
-1,21/06/2021
0,21/06/2021
1,21/06/2021
0,21/06/2021
1,21/06/2021
0,21/06/2021
1,21/06/2021
1,21/06/2021
-1,21/06/2021
0,21/06/2021
0,21/06/2021
1,21/06/2021
0,21/06/2021
0,21/06/2021
1,21/06/2021
1,21/06/2021
-1,21/06/2021
0,21/06/2021
0,21/06/2021
0,21/06/2021
1,21/06/2021
1,21/06/2021
1,21/06/2021
1,21/06/2021
0,21/06/2021
1,21/06/2021
0,21/06/2021
1,21/06/2021
1,21/06/2021
1,21/06/2021
-1,21/06/2021
0,21/06/2021
1,21/06/2021
1,21/06/2021
0,21/06/2021
1,21/06/2021
0,21/06/2021
0,21/06/2021
0,21/06/2021
-1,21/06/2021
1,21/06/2021
1,21/06/2021
-1,21/06/2021
1,21/06/2021
1,21/06/2021
1,21/06/2021
1,21/06/2021
1,21/06/2021
1,21/06/2021
0,21/06/2021
0,21/06/2021
1,21/06/2021
0,21/06/2021
-1,21/06/2021
1,21/06/2021
1,21/06/2021
0,21/06/2021
1,21/06/2021
0,21/06/2021
1,21/06/2021
1,21/06/2021
0,21/06/2021
0,21/06/2021
0,21/06/2021
1,21/06/2021
0,21/06/2021
1,21/06/2021
1,21/06/2021
1,21/06/2021
1,21/06/2021
0,21/06/2021
0,21/06/2021
1,21/06/2021
1,21/06/2021
1,21/06/2021
1,21/06/2021
1,21/06/2021
0,21/06/2021
0,21/06/2021
0,21/06/2021
-1,21/06/2021
0,21/06/2021
1,21/06/2021
1,21/06/2021
0,21/06/2021
1,21/06/2021
0,21/06/2021
1,21/06/2021
1,21/06/2021
0,21/06/2021
1,21/06/2021
1,21/06/2021
0,21/06/2021
1,21/06/2021
1,21/06/2021
0,21/06/2021
0,21/06/2021
0,21/06/2021
1,21/06/2021
1,21/06/2021
1,21/06/2021
-1,21/06/2021
-1,21/06/2021
1,21/06/2021
0,21/06/2021
0,21/06/2021
0,21/06/2021
-1,21/06/2021
1,21/06/2021
0,21/06/2021
1,21/06/2021
1,21/06/2021
1,21/06/2021
1,21/06/2021
-1,21/06/2021
0,21/06/2021
1,21/06/2021
1,21/06/2021
0,21/06/2021
1,21/06/2021
1,21/06/2021
0,21/06/2021
0,21/06/2021
1,21/06/2021
1,21/06/2021
0,21/06/2021
1,21/06/2021
0,21/06/2021
0,21/06/2021
1,21/06/2021
0,21/06/2021
0,21/06/2021
-1,21/06/2021
0,21/06/2021
1,21/06/2021
0,21/06/2021
1,21/06/2021
-1,21/06/2021
1,21/06/2021
1,21/06/2021
1,21/06/2021
0,21/06/2021
1,21/06/2021
1,21/06/2021
1,21/06/2021
-1,21/06/2021
0,21/06/2021
1,21/06/2021
-1,21/06/2021
1,21/06/2021
1,21/06/2021
1,21/06/2021
1,21/06/2021
1,21/06/2021
0,21/06/2021
0,21/06/2021
1,21/06/2021
1,21/06/2021
1,21/06/2021
0,21/06/2021
1,21/06/2021
0,21/06/2021
1,21/06/2021
1,21/06/2021
1,21/06/2021
-1,21/06/2021
0,21/06/2021
1,21/06/2021
0,21/06/2021
0,21/06/2021
0,21/06/2021
1,21/06/2021
0,21/06/2021
0,21/06/2021
1,21/06/2021
0,21/06/2021
0,21/06/2021
1,21/06/2021
1,21/06/2021
1,21/06/2021
1,21/06/2021
0,21/06/2021
1,21/06/2021
1,21/06/2021
1,21/06/2021
0,21/06/2021
1,21/06/2021
0,21/06/2021
0,21/06/2021
-1,21/06/2021
1,21/06/2021
0,21/06/2021
0,21/06/2021
0,21/06/2021
1,21/06/2021
0,21/06/2021
-1,21/06/2021
1,21/06/2021
1,21/06/2021
1,21/06/2021
0,21/06/2021
0,21/06/2021
1,21/06/2021
0,21/06/2021
0,21/06/2021
1,21/06/2021
0,21/06/2021
1,21/06/2021
0,21/06/2021
0,21/06/2021
1,21/06/2021
1,21/06/2021
1,21/06/2021
-1,21/06/2021
1,21/06/2021
0,21/06/2021
1,21/06/2021
0,21/06/2021
0,21/06/2021
-1,21/06/2021
1,21/06/2021
1,21/06/2021
0,21/06/2021
0,21/06/2021
1,21/06/2021
1,21/06/2021
0,21/06/2021
0,21/06/2021
1,21/06/2021
1,21/06/2021
0,21/06/2021
0,21/06/2021
1,21/06/2021
0,21/06/2021
1,21/06/2021
0,21/06/2021
0,21/06/2021
1,21/06/2021
0,21/06/2021
0,21/06/2021
0,21/06/2021
0,21/06/2021
0,21/06/2021
1,21/06/2021
1,21/06/2021
0,21/06/2021
0,21/06/2021
0,21/06/2021
1,21/06/2021
0,21/06/2021
1,21/06/2021
0,21/06/2021
1,21/06/2021
1,21/06/2021
-1,21/06/2021
1,21/06/2021
-1,21/06/2021
1,21/06/2021
0,21/06/2021
0,21/06/2021
0,21/06/2021
1,21/06/2021
0,21/06/2021
0,21/06/2021
1,21/06/2021
1,21/06/2021
1,21/06/2021
1,21/06/2021
0,21/06/2021
1,21/06/2021
0,21/06/2021
1,21/06/2021
0,21/06/2021
1,21/06/2021
0,21/06/2021
1,21/06/2021
1,21/06/2021
1,21/06/2021
1,21/06/2021
0,21/06/2021
0,21/06/2021
1,21/06/2021
0,21/06/2021
0,21/06/2021
-1,21/06/2021
-1,21/06/2021
0,21/06/2021
1,21/06/2021
0,21/06/2021
1,21/06/2021
0,21/06/2021
0,21/06/2021
1,21/06/2021
1,21/06/2021
0,21/06/2021
0,21/06/2021
-1,21/06/2021
0,21/06/2021
1,21/06/2021
0,21/06/2021
1,21/06/2021
0,21/06/2021
1,21/06/2021
1,21/06/2021
1,21/06/2021
1,21/06/2021
1,21/06/2021
1,21/06/2021
-1,21/06/2021
1,21/06/2021
1,21/06/2021
1,21/06/2021
1,21/06/2021
1,21/06/2021
1,21/06/2021
0,21/06/2021
0,21/06/2021
1,21/06/2021
1,21/06/2021
1,21/06/2021
0,21/06/2021
0,21/06/2021
1,21/06/2021
1,21/06/2021
1,21/06/2021
1,21/06/2021
0,21/06/2021
-1,21/06/2021
1,21/06/2021
1,21/06/2021
1,21/06/2021
0,21/06/2021
0,21/06/2021
-1,21/06/2021
1,21/06/2021
1,21/06/2021
1,21/06/2021
1,21/06/2021
-1,21/06/2021
1,21/06/2021
0,21/06/2021
1,21/06/2021
0,21/06/2021
-1,21/06/2021
1,21/06/2021
0,21/06/2021
1,21/06/2021
1,21/06/2021
1,21/06/2021
0,21/06/2021
-1,21/06/2021
0,21/06/2021
1,21/06/2021
1,21/06/2021
1,21/06/2021
1,21/06/2021
1,21/06/2021
0,21/06/2021
1,21/06/2021
1,21/06/2021
1,21/06/2021
0,21/06/2021
1,21/06/2021
1,21/06/2021
0,21/06/2021
1,21/06/2021
0,21/06/2021
0,21/06/2021
1,21/06/2021
-1,21/06/2021
-1,21/06/2021
1,21/06/2021
0,21/06/2021
1,21/06/2021
1,21/06/2021
-1,21/06/2021
0,21/06/2021
-1,21/06/2021
1,21/06/2021
1,21/06/2021
0,21/06/2021
1,21/06/2021
1,21/06/2021
0,21/06/2021
-1,21/06/2021
0,21/06/2021
0,21/06/2021
1,21/06/2021
0,21/06/2021
0,21/06/2021
1,21/06/2021
0,21/06/2021
1,21/06/2021
0,21/06/2021
1,21/06/2021
1,21/06/2021
0,21/06/2021
0,21/06/2021
0,21/06/2021
1,21/06/2021
1,21/06/2021
0,21/06/2021
0,21/06/2021
-1,21/06/2021
0,21/06/2021
0,21/06/2021
-1,21/06/2021
0,21/06/2021
0,21/06/2021
1,21/06/2021
0,21/06/2021
1,21/06/2021
1,21/06/2021
-1,21/06/2021
1,21/06/2021
0,21/06/2021
-1,21/06/2021
-1,21/06/2021
1,21/06/2021
1,21/06/2021
1,21/06/2021
0,21/06/2021
1,21/06/2021
0,21/06/2021
0,21/06/2021
1,21/06/2021
1,21/06/2021
1,21/06/2021
1,21/06/2021
0,21/06/2021
1,21/06/2021
0,21/06/2021
1,21/06/2021
0,21/06/2021
1,21/06/2021
1,21/06/2021
1,21/06/2021
1,21/06/2021
0,21/06/2021
0,21/06/2021
0,21/06/2021
1,21/06/2021
1,21/06/2021
0,21/06/2021
0,21/06/2021
1,21/06/2021
1,21/06/2021
0,21/06/2021
1,21/06/2021
1,21/06/2021
0,21/06/2021
0,21/06/2021
0,21/06/2021
0,21/06/2021
0,21/06/2021
0,21/06/2021
1,21/06/2021
1,21/06/2021
0,21/06/2021
1,21/06/2021
1,21/06/2021
1,21/06/2021
1,21/06/2021
0,21/06/2021
1,21/06/2021
1,21/06/2021
0,21/06/2021
-1,21/06/2021
1,21/06/2021
0,21/06/2021
0,21/06/2021
0,21/06/2021
1,21/06/2021
1,21/06/2021
1,21/06/2021
0,21/06/2021
-1,21/06/2021
0,21/06/2021
0,21/06/2021
-1,21/06/2021
-1,21/06/2021
0,21/06/2021
0,21/06/2021
1,21/06/2021
1,21/06/2021
1,21/06/2021
0,21/06/2021
0,21/06/2021
1,21/06/2021
1,21/06/2021
1,21/06/2021
0,21/06/2021
1,21/06/2021
0,21/06/2021
0,21/06/2021
1,21/06/2021
1,21/06/2021
-1,21/06/2021
-1,21/06/2021
1,21/06/2021
1,21/06/2021
1,21/06/2021
0,21/06/2021
1,21/06/2021
0,21/06/2021
1,21/06/2021
0,21/06/2021
0,21/06/2021
0,21/06/2021
1,21/06/2021
-1,21/06/2021
1,21/06/2021
1,21/06/2021
0,21/06/2021
-1,21/06/2021
1,21/06/2021
-1,21/06/2021
0,21/06/2021
0,21/06/2021
1,21/06/2021
0,21/06/2021
1,21/06/2021
0,21/06/2021
1,21/06/2021
-1,20/06/2021
0,20/06/2021
0,20/06/2021
1,20/06/2021
0,20/06/2021
1,20/06/2021
0,20/06/2021
0,20/06/2021
-1,20/06/2021
-1,20/06/2021
0,20/06/2021
1,20/06/2021
1,20/06/2021
0,20/06/2021
0,20/06/2021
0,20/06/2021
0,20/06/2021
1,20/06/2021
0,20/06/2021
1,20/06/2021
1,20/06/2021
1,20/06/2021
0,20/06/2021
1,20/06/2021
1,20/06/2021
1,20/06/2021
1,20/06/2021
0,20/06/2021
0,20/06/2021
1,20/06/2021
0,20/06/2021
1,20/06/2021
1,20/06/2021
0,20/06/2021
1,20/06/2021
1,20/06/2021
1,20/06/2021
0,20/06/2021
0,20/06/2021
0,20/06/2021
1,20/06/2021
0,20/06/2021
1,20/06/2021
1,20/06/2021
0,20/06/2021
-1,20/06/2021
0,20/06/2021
1,20/06/2021
0,20/06/2021
1,20/06/2021
1,20/06/2021
1,20/06/2021
1,20/06/2021
-1,20/06/2021
0,20/06/2021
-1,20/06/2021
1,20/06/2021
1,20/06/2021
1,20/06/2021
1,20/06/2021
0,20/06/2021
1,20/06/2021
0,20/06/2021
0,20/06/2021
-1,20/06/2021
-1,20/06/2021
1,20/06/2021
0,20/06/2021
1,20/06/2021
0,20/06/2021
1,20/06/2021
0,20/06/2021
0,20/06/2021
0,20/06/2021
1,20/06/2021
1,20/06/2021
1,20/06/2021
0,20/06/2021
-1,20/06/2021
1,20/06/2021
1,20/06/2021
0,20/06/2021
1,20/06/2021
0,20/06/2021
1,20/06/2021
1,20/06/2021
1,20/06/2021
0,20/06/2021
0,20/06/2021
-1,20/06/2021
1,20/06/2021
1,20/06/2021
-1,20/06/2021
1,20/06/2021
1,20/06/2021
1,20/06/2021
0,20/06/2021
1,20/06/2021
-1,20/06/2021
1,20/06/2021
1,20/06/2021
1,20/06/2021
1,20/06/2021
0,20/06/2021
0,20/06/2021
1,20/06/2021
0,20/06/2021
1,20/06/2021
0,20/06/2021
-1,20/06/2021
0,20/06/2021
0,20/06/2021
0,20/06/2021
1,20/06/2021
0,20/06/2021
-1,20/06/2021
0,20/06/2021
1,20/06/2021
1,20/06/2021
0,20/06/2021
0,20/06/2021
1,20/06/2021
0,20/06/2021
0,20/06/2021
0,20/06/2021
0,20/06/2021
0,20/06/2021
0,20/06/2021
0,20/06/2021
0,20/06/2021
0,20/06/2021
0,20/06/2021
1,20/06/2021
0,20/06/2021
0,20/06/2021
1,20/06/2021
0,20/06/2021
0,20/06/2021
0,20/06/2021
0,20/06/2021
0,20/06/2021
1,20/06/2021
0,20/06/2021
0,20/06/2021
0,20/06/2021
1,20/06/2021
-1,20/06/2021
1,20/06/2021
0,20/06/2021
1,20/06/2021
0,20/06/2021
0,20/06/2021
0,20/06/2021
0,20/06/2021
0,20/06/2021
0,20/06/2021
1,20/06/2021
0,20/06/2021
-1,20/06/2021
0,20/06/2021
1,20/06/2021
1,20/06/2021
1,20/06/2021
1,20/06/2021
1,20/06/2021
0,20/06/2021
0,20/06/2021
1,20/06/2021
1,20/06/2021
0,20/06/2021
0,20/06/2021
1,20/06/2021
0,20/06/2021
0,20/06/2021
-1,20/06/2021
0,20/06/2021
0,20/06/2021
