0,44855.6167,10/02/2021
1,44855.6167,10/02/2021
-1,44855.6167,10/02/2021
1,44855.6167,10/02/2021
0,44855.6167,10/02/2021
0,44855.6167,10/02/2021
1,44855.6167,10/02/2021
0,44855.6167,10/02/2021
0,44855.6167,10/02/2021
0,44855.6167,10/02/2021
0,44855.6167,10/02/2021
1,44855.6167,10/02/2021
0,44855.6167,10/02/2021
1,44855.6167,10/02/2021
1,44855.6167,10/02/2021
0,44855.6167,10/02/2021
0,44855.6167,10/02/2021
0,44855.6167,10/02/2021
1,44855.6167,10/02/2021
1,44855.6167,10/02/2021
0,44855.6167,10/02/2021
0,44855.6167,10/02/2021
0,44855.6167,10/02/2021
1,44855.6167,10/02/2021
0,44855.6167,10/02/2021
0,44855.6167,10/02/2021
1,44855.6167,10/02/2021
0,44855.6167,10/02/2021
0,44855.6167,10/02/2021
0,44855.6167,10/02/2021
-1,44855.6167,10/02/2021
1,44855.6167,10/02/2021
1,44855.6167,10/02/2021
0,44855.6167,10/02/2021
1,44855.6167,10/02/2021
1,44855.6167,10/02/2021
1,44855.6167,10/02/2021
1,44855.6167,10/02/2021
0,44855.6167,10/02/2021
0,44855.6167,10/02/2021
0,44855.6167,10/02/2021
1,44855.6167,10/02/2021
1,44855.6167,10/02/2021
1,44855.6167,10/02/2021
1,44855.6167,10/02/2021
1,44855.6167,10/02/2021
0,44855.6167,10/02/2021
0,44855.6167,10/02/2021
0,44855.6167,10/02/2021
0,44855.6167,10/02/2021
0,44855.6167,10/02/2021
0,44855.6167,10/02/2021
0,44855.6167,10/02/2021
1,44855.6167,10/02/2021
0,44855.6167,10/02/2021
0,44855.6167,10/02/2021
1,44855.6167,10/02/2021
0,44855.6167,10/02/2021
0,44855.6167,10/02/2021
0,44855.6167,10/02/2021
1,44855.6167,10/02/2021
0,44855.6167,10/02/2021
1,44855.6167,10/02/2021
1,46502.2933,09/02/2021
1,46502.2933,09/02/2021
0,46502.2933,09/02/2021
0,46502.2933,09/02/2021
0,46502.2933,09/02/2021
-1,46502.2933,09/02/2021
1,46502.2933,09/02/2021
0,46502.2933,09/02/2021
1,46502.2933,09/02/2021
1,46502.2933,09/02/2021
0,46502.2933,09/02/2021
1,46502.2933,09/02/2021
0,46502.2933,09/02/2021
1,46502.2933,09/02/2021
0,46502.2933,09/02/2021
0,46502.2933,09/02/2021
0,46502.2933,09/02/2021
1,46502.2933,09/02/2021
0,46502.2933,09/02/2021
0,46502.2933,09/02/2021
0,46502.2933,09/02/2021
1,46502.2933,09/02/2021
1,46502.2933,09/02/2021
0,46502.2933,09/02/2021
0,46502.2933,09/02/2021
1,46502.2933,09/02/2021
-1,46502.2933,09/02/2021
-1,46502.2933,09/02/2021
1,46502.2933,09/02/2021
0,46502.2933,09/02/2021
1,46502.2933,09/02/2021
-1,46502.2933,09/02/2021
1,46502.2933,09/02/2021
0,46502.2933,09/02/2021
0,46502.2933,09/02/2021
1,46502.2933,09/02/2021
0,46502.2933,09/02/2021
0,46502.2933,09/02/2021
1,46502.2933,09/02/2021
0,46502.2933,09/02/2021
0,46502.2933,09/02/2021
0,46502.2933,09/02/2021
1,46502.2933,09/02/2021
0,46502.2933,09/02/2021
0,46502.2933,09/02/2021
0,46502.2933,09/02/2021
0,46502.2933,09/02/2021
0,46502.2933,09/02/2021
1,46502.2933,09/02/2021
1,46502.2933,09/02/2021
0,46502.2933,09/02/2021
1,46502.2933,09/02/2021
0,46502.2933,09/02/2021
1,46502.2933,09/02/2021
1,46502.2933,09/02/2021
1,46502.2933,09/02/2021
1,46502.2933,09/02/2021
0,46502.2933,09/02/2021
0,46502.2933,09/02/2021
1,46502.2933,09/02/2021
1,46502.2933,09/02/2021
1,46502.2933,09/02/2021
0,46502.2933,09/02/2021
0,46502.2933,09/02/2021
0,46502.2933,09/02/2021
0,46502.2933,09/02/2021
1,46502.2933,09/02/2021
0,46502.2933,09/02/2021
0,46502.2933,09/02/2021
0,46502.2933,09/02/2021
0,46502.2933,09/02/2021
0,46502.2933,09/02/2021
0,46502.2933,09/02/2021
1,46502.2933,09/02/2021
0,46502.2933,09/02/2021
1,46502.2933,09/02/2021
1,46502.2933,09/02/2021
1,46502.2933,09/02/2021
1,46502.2933,09/02/2021
0,46502.2933,09/02/2021
0,46502.2933,09/02/2021
0,46502.2933,09/02/2021
1,46502.2933,09/02/2021
0,46502.2933,09/02/2021
0,46502.2933,09/02/2021
0,46502.2933,09/02/2021
0,46502.2933,09/02/2021
1,46436.09,08/02/2021
1,46436.09,08/02/2021
0,46436.09,08/02/2021
1,46436.09,08/02/2021
1,46436.09,08/02/2021
-1,46436.09,08/02/2021
1,46436.09,08/02/2021
0,46436.09,08/02/2021
1,46436.09,08/02/2021
1,46436.09,08/02/2021
0,46436.09,08/02/2021
1,46436.09,08/02/2021
0,46436.09,08/02/2021
1,46436.09,08/02/2021
0,46436.09,08/02/2021
1,46436.09,08/02/2021
0,46436.09,08/02/2021
0,46436.09,08/02/2021
0,46436.09,08/02/2021
1,46436.09,08/02/2021
1,46436.09,08/02/2021
0,46436.09,08/02/2021
1,46436.09,08/02/2021
1,46436.09,08/02/2021
1,46436.09,08/02/2021
0,46436.09,08/02/2021
0,46436.09,08/02/2021
0,46436.09,08/02/2021
0,46436.09,08/02/2021
0,46436.09,08/02/2021
0,46436.09,08/02/2021
0,46436.09,08/02/2021
-1,46436.09,08/02/2021
1,46436.09,08/02/2021
1,46436.09,08/02/2021
0,46436.09,08/02/2021
0,46436.09,08/02/2021
1,46436.09,08/02/2021
1,46436.09,08/02/2021
1,46436.09,08/02/2021
0,46436.09,08/02/2021
0,46436.09,08/02/2021
0,46436.09,08/02/2021
1,46436.09,08/02/2021
1,46436.09,08/02/2021
1,46436.09,08/02/2021
0,46436.09,08/02/2021
1,46436.09,08/02/2021
1,46436.09,08/02/2021
0,46436.09,08/02/2021
1,46436.09,08/02/2021
0,46436.09,08/02/2021
0,46436.09,08/02/2021
0,46436.09,08/02/2021
0,46436.09,08/02/2021
0,46436.09,08/02/2021
-1,46436.09,08/02/2021
0,46436.09,08/02/2021
0,46436.09,08/02/2021
1,46436.09,08/02/2021
0,46436.09,08/02/2021
0,46436.09,08/02/2021
0,46436.09,08/02/2021
0,46436.09,08/02/2021
1,46436.09,08/02/2021
1,46436.09,08/02/2021
0,46436.09,08/02/2021
0,46436.09,08/02/2021
1,46436.09,08/02/2021
1,46436.09,08/02/2021
1,46436.09,08/02/2021
0,46436.09,08/02/2021
0,46436.09,08/02/2021
0,46436.09,08/02/2021
0,46436.09,08/02/2021
1,46436.09,08/02/2021
0,46436.09,08/02/2021
0,46436.09,08/02/2021
1,46436.09,08/02/2021
0,46436.09,08/02/2021
0,46436.09,08/02/2021
1,46436.09,08/02/2021
1,46436.09,08/02/2021
0,46436.09,08/02/2021
1,46436.09,08/02/2021
1,46436.09,08/02/2021
0,46436.09,08/02/2021
0,46436.09,08/02/2021
0,46436.09,08/02/2021
1,46436.09,08/02/2021
0,46436.09,08/02/2021
0,46436.09,08/02/2021
1,46436.09,08/02/2021
0,46436.09,08/02/2021
1,46436.09,08/02/2021
-1,46436.09,08/02/2021
1,46436.09,08/02/2021
0,46436.09,08/02/2021
0,46436.09,08/02/2021
0,46436.09,08/02/2021
0,46436.09,08/02/2021
0,46436.09,08/02/2021
0,46436.09,08/02/2021
1,46436.09,08/02/2021
0,46436.09,08/02/2021
0,46436.09,08/02/2021
0,46436.09,08/02/2021
1,46436.09,08/02/2021
0,46436.09,08/02/2021
0,46436.09,08/02/2021
0,46436.09,08/02/2021
1,38862.35,07/02/2021
0,38862.35,07/02/2021
0,38862.35,07/02/2021
0,38862.35,07/02/2021
0,38862.35,07/02/2021
0,38862.35,07/02/2021
0,38862.35,07/02/2021
1,38862.35,07/02/2021
1,38862.35,07/02/2021
0,38862.35,07/02/2021
0,38862.35,07/02/2021
0,38862.35,07/02/2021
1,38862.35,07/02/2021
1,38862.35,07/02/2021
0,38862.35,07/02/2021
0,38862.35,07/02/2021
1,38862.35,07/02/2021
0,38862.35,07/02/2021
1,38862.35,07/02/2021
0,38862.35,07/02/2021
0,38862.35,07/02/2021
0,38862.35,07/02/2021
0,38862.35,07/02/2021
1,38862.35,07/02/2021
0,38862.35,07/02/2021
0,38862.35,07/02/2021
0,38862.35,07/02/2021
0,38862.35,07/02/2021
0,38862.35,07/02/2021
0,38862.35,07/02/2021
1,38862.35,07/02/2021
0,38862.35,07/02/2021
0,38862.35,07/02/2021
0,38862.35,07/02/2021
0,38862.35,07/02/2021
0,38862.35,07/02/2021
0,38862.35,07/02/2021
0,38862.35,07/02/2021
0,38862.35,07/02/2021
0,38862.35,07/02/2021
-1,38862.35,07/02/2021
1,38862.35,07/02/2021
0,38862.35,07/02/2021
0,38862.35,07/02/2021
0,38862.35,07/02/2021
0,38862.35,07/02/2021
0,38862.35,07/02/2021
1,38862.35,07/02/2021
0,38862.35,07/02/2021
1,38862.35,07/02/2021
0,38862.35,07/02/2021
0,38862.35,07/02/2021
1,38862.35,07/02/2021
1,38862.35,07/02/2021
1,38862.35,07/02/2021
0,38862.35,07/02/2021
0,38862.35,07/02/2021
1,38862.35,07/02/2021
0,38862.35,07/02/2021
0,38862.35,07/02/2021
-1,38862.35,07/02/2021
1,39269.3417,06/02/2021
0,39269.3417,06/02/2021
1,39269.3417,06/02/2021
0,39269.3417,06/02/2021
0,39269.3417,06/02/2021
0,39269.3417,06/02/2021
0,39269.3417,06/02/2021
1,39269.3417,06/02/2021
0,39269.3417,06/02/2021
0,39269.3417,06/02/2021
0,39269.3417,06/02/2021
1,39269.3417,06/02/2021
1,39269.3417,06/02/2021
0,39269.3417,06/02/2021
0,39269.3417,06/02/2021
0,39269.3417,06/02/2021
0,39269.3417,06/02/2021
1,39269.3417,06/02/2021
1,39269.3417,06/02/2021
0,39269.3417,06/02/2021
1,39269.3417,06/02/2021
1,39269.3417,06/02/2021
1,39269.3417,06/02/2021
1,39269.3417,06/02/2021
1,39269.3417,06/02/2021
-1,39269.3417,06/02/2021
0,39269.3417,06/02/2021
1,39269.3417,06/02/2021
0,39269.3417,06/02/2021
1,39269.3417,06/02/2021
-1,39269.3417,06/02/2021
1,39269.3417,06/02/2021
0,39269.3417,06/02/2021
1,39269.3417,06/02/2021
1,39269.3417,06/02/2021
0,39269.3417,06/02/2021
1,39269.3417,06/02/2021
0,39269.3417,06/02/2021
1,39269.3417,06/02/2021
1,39269.3417,06/02/2021
1,39269.3417,06/02/2021
1,39269.3417,06/02/2021
0,39269.3417,06/02/2021
0,39269.3417,06/02/2021
1,39269.3417,06/02/2021
1,39269.3417,06/02/2021
1,39269.3417,06/02/2021
1,39269.3417,06/02/2021
0,39269.3417,06/02/2021
1,39269.3417,06/02/2021
1,39269.3417,06/02/2021
1,39269.3417,06/02/2021
1,39269.3417,06/02/2021
0,39269.3417,06/02/2021
0,39269.3417,06/02/2021
0,39269.3417,06/02/2021
0,39269.3417,06/02/2021
0,39269.3417,06/02/2021
0,39269.3417,06/02/2021
1,39269.3417,06/02/2021
1,39269.3417,06/02/2021
0,39269.3417,06/02/2021
1,39269.3417,06/02/2021
1,39269.3417,06/02/2021
1,38306.2467,05/02/2021
1,38306.2467,05/02/2021
0,38306.2467,05/02/2021
0,38306.2467,05/02/2021
0,38306.2467,05/02/2021
1,38306.2467,05/02/2021
1,38306.2467,05/02/2021
0,38306.2467,05/02/2021
1,38306.2467,05/02/2021
0,38306.2467,05/02/2021
0,38306.2467,05/02/2021
1,38306.2467,05/02/2021
1,38306.2467,05/02/2021
0,38306.2467,05/02/2021
0,38306.2467,05/02/2021
1,38306.2467,05/02/2021
0,38306.2467,05/02/2021
1,38306.2467,05/02/2021
0,38306.2467,05/02/2021
0,38306.2467,05/02/2021
0,38306.2467,05/02/2021
1,38306.2467,05/02/2021
0,38306.2467,05/02/2021
0,38306.2467,05/02/2021
1,38306.2467,05/02/2021
1,38306.2467,05/02/2021
1,38306.2467,05/02/2021
1,38306.2467,05/02/2021
0,38306.2467,05/02/2021
1,38306.2467,05/02/2021
0,38306.2467,05/02/2021
1,38306.2467,05/02/2021
1,38306.2467,05/02/2021
0,38306.2467,05/02/2021
-1,47934.1267,15/02/2021
1,47934.1267,15/02/2021
0,47934.1267,15/02/2021
1,47934.1267,15/02/2021
0,47934.1267,15/02/2021
0,47934.1267,15/02/2021
0,47934.1267,15/02/2021
0,47934.1267,15/02/2021
1,47934.1267,15/02/2021
0,47934.1267,15/02/2021
0,47934.1267,15/02/2021
1,47934.1267,15/02/2021
0,47934.1267,15/02/2021
1,47934.1267,15/02/2021
0,47934.1267,15/02/2021
1,47934.1267,15/02/2021
1,47934.1267,15/02/2021
0,47934.1267,15/02/2021
1,47934.1267,15/02/2021
0,47934.1267,15/02/2021
0,47934.1267,15/02/2021
0,47934.1267,15/02/2021
0,47934.1267,15/02/2021
0,47934.1267,15/02/2021
0,47934.1267,15/02/2021
1,47934.1267,15/02/2021
1,47934.1267,15/02/2021
0,47934.1267,15/02/2021
0,47934.1267,15/02/2021
0,47934.1267,15/02/2021
0,47934.1267,15/02/2021
0,47934.1267,15/02/2021
1,47934.1267,15/02/2021
1,47934.1267,15/02/2021
1,47934.1267,15/02/2021
0,47934.1267,15/02/2021
0,47934.1267,15/02/2021
0,47934.1267,15/02/2021
1,47934.1267,15/02/2021
0,47934.1267,15/02/2021
0,47934.1267,15/02/2021
0,47934.1267,15/02/2021
0,47934.1267,15/02/2021
0,47934.1267,15/02/2021
1,47934.1267,15/02/2021
0,47934.1267,15/02/2021
0,47934.1267,15/02/2021
0,47934.1267,15/02/2021
0,47934.1267,15/02/2021
0,47934.1267,15/02/2021
0,47934.1267,15/02/2021
0,47934.1267,15/02/2021
1,47934.1267,15/02/2021
0,47934.1267,15/02/2021
1,47934.1267,15/02/2021
0,47934.1267,15/02/2021
0,47934.1267,15/02/2021
0,47934.1267,15/02/2021
0,47934.1267,15/02/2021
0,47934.1267,15/02/2021
0,47934.1267,15/02/2021
0,47934.1267,15/02/2021
0,47934.1267,15/02/2021
1,47934.1267,15/02/2021
0,47934.1267,15/02/2021
1,47934.1267,15/02/2021
-1,47934.1267,15/02/2021
0,47934.1267,15/02/2021
1,47934.1267,15/02/2021
1,47934.1267,15/02/2021
0,47934.1267,15/02/2021
1,47934.1267,15/02/2021
0,47934.1267,15/02/2021
0,47934.1267,15/02/2021
0,47934.1267,15/02/2021
0,47934.1267,15/02/2021
1,47934.1267,15/02/2021
0,47934.1267,15/02/2021
0,47934.1267,15/02/2021
0,47934.1267,15/02/2021
0,47934.1267,15/02/2021
0,47934.1267,15/02/2021
1,47934.1267,15/02/2021
0,47934.1267,15/02/2021
0,47934.1267,15/02/2021
0,47934.1267,15/02/2021
1,47934.1267,15/02/2021
0,47934.1267,15/02/2021
0,47934.1267,15/02/2021
0,47934.1267,15/02/2021
0,47934.1267,15/02/2021
0,47934.1267,15/02/2021
0,48633.26,14/02/2021
0,48633.26,14/02/2021
1,48633.26,14/02/2021
0,48633.26,14/02/2021
0,48633.26,14/02/2021
0,48633.26,14/02/2021
0,48633.26,14/02/2021
1,48633.26,14/02/2021
0,48633.26,14/02/2021
0,48633.26,14/02/2021
1,48633.26,14/02/2021
-1,48633.26,14/02/2021
0,48633.26,14/02/2021
1,48633.26,14/02/2021
0,48633.26,14/02/2021
0,48633.26,14/02/2021
1,48633.26,14/02/2021
1,48633.26,14/02/2021
1,48633.26,14/02/2021
1,48633.26,14/02/2021
0,48633.26,14/02/2021
1,48633.26,14/02/2021
1,48633.26,14/02/2021
0,48633.26,14/02/2021
0,48633.26,14/02/2021
1,48633.26,14/02/2021
0,48633.26,14/02/2021
0,48633.26,14/02/2021
0,48633.26,14/02/2021
0,48633.26,14/02/2021
0,48633.26,14/02/2021
0,48633.26,14/02/2021
-1,48633.26,14/02/2021
0,48633.26,14/02/2021
0,48633.26,14/02/2021
0,48633.26,14/02/2021
0,48633.26,14/02/2021
1,48633.26,14/02/2021
0,48633.26,14/02/2021
-1,48633.26,14/02/2021
0,48633.26,14/02/2021
0,48633.26,14/02/2021
1,48633.26,14/02/2021
0,48633.26,14/02/2021
0,48633.26,14/02/2021
1,48633.26,14/02/2021
0,48633.26,14/02/2021
0,48633.26,14/02/2021
1,48633.26,14/02/2021
0,48633.26,14/02/2021
1,48633.26,14/02/2021
1,48633.26,14/02/2021
0,48633.26,14/02/2021
0,48633.26,14/02/2021
-1,48633.26,14/02/2021
0,48633.26,14/02/2021
0,48633.26,14/02/2021
-1,48633.26,14/02/2021
0,48633.26,14/02/2021
1,48633.26,14/02/2021
1,48633.26,14/02/2021
0,48633.26,14/02/2021
1,48633.26,14/02/2021
0,48633.26,14/02/2021
-1,48633.26,14/02/2021
1,48633.26,14/02/2021
1,48633.26,14/02/2021
0,48633.26,14/02/2021
0,48633.26,14/02/2021
1,48633.26,14/02/2021
1,48633.26,14/02/2021
-1,48633.26,14/02/2021
0,48633.26,14/02/2021
0,48633.26,14/02/2021
0,48633.26,14/02/2021
0,48633.26,14/02/2021
0,48633.26,14/02/2021
0,48633.26,14/02/2021
0,48633.26,14/02/2021
0,48633.26,14/02/2021
0,47211.6683,13/02/2021
0,47211.6683,13/02/2021
0,47211.6683,13/02/2021
0,47211.6683,13/02/2021
-1,47211.6683,13/02/2021
0,47211.6683,13/02/2021
0,47211.6683,13/02/2021
0,47211.6683,13/02/2021
0,47211.6683,13/02/2021
1,47211.6683,13/02/2021
1,47211.6683,13/02/2021
0,47211.6683,13/02/2021
0,47211.6683,13/02/2021
0,47211.6683,13/02/2021
1,47211.6683,13/02/2021
1,47211.6683,13/02/2021
0,47211.6683,13/02/2021
0,47211.6683,13/02/2021
1,47211.6683,13/02/2021
1,47211.6683,13/02/2021
1,47211.6683,13/02/2021
0,47211.6683,13/02/2021
1,47211.6683,13/02/2021
0,47211.6683,13/02/2021
1,47211.6683,13/02/2021
1,47211.6683,13/02/2021
0,47211.6683,13/02/2021
-1,47211.6683,13/02/2021
0,47211.6683,13/02/2021
0,47211.6683,13/02/2021
0,47211.6683,13/02/2021
-1,47211.6683,13/02/2021
1,47211.6683,13/02/2021
1,47211.6683,13/02/2021
0,47211.6683,13/02/2021
0,47211.6683,13/02/2021
1,47211.6683,13/02/2021
0,47211.6683,13/02/2021
1,47211.6683,13/02/2021
1,47211.6683,13/02/2021
1,47211.6683,13/02/2021
-1,47211.6683,13/02/2021
1,47211.6683,13/02/2021
1,47211.6683,13/02/2021
1,47211.6683,13/02/2021
1,55923.13,19/02/2021
0,55923.13,19/02/2021
0,55923.13,19/02/2021
0,55923.13,19/02/2021
1,55923.13,19/02/2021
1,55923.13,19/02/2021
0,55923.13,19/02/2021
1,55923.13,19/02/2021
0,55923.13,19/02/2021
1,55923.13,19/02/2021
0,55923.13,19/02/2021
0,55923.13,19/02/2021
0,55923.13,19/02/2021
0,55923.13,19/02/2021
0,55923.13,19/02/2021
0,55923.13,19/02/2021
1,55923.13,19/02/2021
1,55923.13,19/02/2021
0,55923.13,19/02/2021
-1,55923.13,19/02/2021
1,55923.13,19/02/2021
1,55923.13,19/02/2021
0,55923.13,19/02/2021
0,55923.13,19/02/2021
1,55923.13,19/02/2021
0,55923.13,19/02/2021
1,55923.13,19/02/2021
0,55923.13,19/02/2021
1,55923.13,19/02/2021
1,55923.13,19/02/2021
1,55923.13,19/02/2021
1,55923.13,19/02/2021
1,55923.13,19/02/2021
0,55923.13,19/02/2021
0,55923.13,19/02/2021
-1,55923.13,19/02/2021
1,55923.13,19/02/2021
0,55923.13,19/02/2021
1,55923.13,19/02/2021
0,55923.13,19/02/2021
1,55923.13,19/02/2021
1,55923.13,19/02/2021
1,55923.13,19/02/2021
1,55923.13,19/02/2021
1,55923.13,19/02/2021
1,55923.13,19/02/2021
0,55923.13,19/02/2021
0,55923.13,19/02/2021
1,55923.13,19/02/2021
1,55923.13,19/02/2021
1,55923.13,19/02/2021
0,55923.13,19/02/2021
1,55923.13,19/02/2021
1,55923.13,19/02/2021
0,55923.13,19/02/2021
1,55923.13,19/02/2021
1,55923.13,19/02/2021
1,55923.13,19/02/2021
0,55923.13,19/02/2021
1,55923.13,19/02/2021
1,55923.13,19/02/2021
0,55923.13,19/02/2021
0,55923.13,19/02/2021
0,55923.13,19/02/2021
0,55923.13,19/02/2021
0,55923.13,19/02/2021
0,55923.13,19/02/2021
1,55923.13,19/02/2021
0,55923.13,19/02/2021
0,55923.13,19/02/2021
1,55923.13,19/02/2021
0,55923.13,19/02/2021
0,55923.13,19/02/2021
0,55923.13,19/02/2021
-1,55923.13,19/02/2021
1,55923.13,19/02/2021
0,55923.13,19/02/2021
0,55923.13,19/02/2021
0,55923.13,19/02/2021
0,55923.13,19/02/2021
1,55923.13,19/02/2021
0,55923.13,19/02/2021
0,55923.13,19/02/2021
0,55923.13,19/02/2021
0,55923.13,19/02/2021
0,55923.13,19/02/2021
0,55923.13,19/02/2021
1,51573.4067,18/02/2021
0,51573.4067,18/02/2021
1,51573.4067,18/02/2021
0,51573.4067,18/02/2021
0,51573.4067,18/02/2021
1,51573.4067,18/02/2021
1,51573.4067,18/02/2021
1,51573.4067,18/02/2021
-1,51573.4067,18/02/2021
0,51573.4067,18/02/2021
0,51573.4067,18/02/2021
0,51573.4067,18/02/2021
0,51573.4067,18/02/2021
1,51573.4067,18/02/2021
0,51573.4067,18/02/2021
0,51573.4067,18/02/2021
1,51573.4067,18/02/2021
0,51573.4067,18/02/2021
1,51573.4067,18/02/2021
-1,51573.4067,18/02/2021
0,51573.4067,18/02/2021
0,51573.4067,18/02/2021
0,51573.4067,18/02/2021
1,51573.4067,18/02/2021
1,51573.4067,18/02/2021
0,51573.4067,18/02/2021
1,51573.4067,18/02/2021
1,51573.4067,18/02/2021
0,51573.4067,18/02/2021
0,51573.4067,18/02/2021
1,51573.4067,18/02/2021
1,51573.4067,18/02/2021
1,51573.4067,18/02/2021
0,51573.4067,18/02/2021
0,51573.4067,18/02/2021
1,51573.4067,18/02/2021
1,51573.4067,18/02/2021
0,51573.4067,18/02/2021
0,51573.4067,18/02/2021
1,51573.4067,18/02/2021
0,51573.4067,18/02/2021
1,51573.4067,18/02/2021
0,51573.4067,18/02/2021
0,51573.4067,18/02/2021
0,51573.4067,18/02/2021
1,54117.495,22/02/2021
0,54117.495,22/02/2021
0,54117.495,22/02/2021
0,54117.495,22/02/2021
0,54117.495,22/02/2021
0,54117.495,22/02/2021
1,54117.495,22/02/2021
0,54117.495,22/02/2021
0,54117.495,22/02/2021
1,54117.495,22/02/2021
0,54117.495,22/02/2021
0,54117.495,22/02/2021
1,54117.495,22/02/2021
0,54117.495,22/02/2021
0,54117.495,22/02/2021
0,54117.495,22/02/2021
0,54117.495,22/02/2021
0,54117.495,22/02/2021
0,54117.495,22/02/2021
1,54117.495,22/02/2021
0,54117.495,22/02/2021
1,54117.495,22/02/2021
0,54117.495,22/02/2021
1,54117.495,22/02/2021
0,54117.495,22/02/2021
0,54117.495,22/02/2021
0,54117.495,22/02/2021
0,54117.495,22/02/2021
0,54117.495,22/02/2021
1,54117.495,22/02/2021
1,54117.495,22/02/2021
0,54117.495,22/02/2021
1,54117.495,22/02/2021
0,54117.495,22/02/2021
1,54117.495,22/02/2021
0,54117.495,22/02/2021
1,54117.495,22/02/2021
1,54117.495,22/02/2021
-1,54117.495,22/02/2021
0,54117.495,22/02/2021
-1,54117.495,22/02/2021
1,54117.495,22/02/2021
1,54117.495,22/02/2021
1,54117.495,22/02/2021
0,54117.495,22/02/2021
1,54117.495,22/02/2021
1,54117.495,22/02/2021
1,54117.495,22/02/2021
0,54117.495,22/02/2021
0,54117.495,22/02/2021
0,54117.495,22/02/2021
1,54117.495,22/02/2021
1,54117.495,22/02/2021
1,54117.495,22/02/2021
1,54117.495,22/02/2021
0,54117.495,22/02/2021
1,54117.495,22/02/2021
1,54117.495,22/02/2021
0,54117.495,22/02/2021
1,54117.495,22/02/2021
1,54117.495,22/02/2021
0,54117.495,22/02/2021
1,54117.495,22/02/2021
0,54117.495,22/02/2021
0,54117.495,22/02/2021
1,54117.495,22/02/2021
0,54117.495,22/02/2021
0,54117.495,22/02/2021
1,54117.495,22/02/2021
1,54117.495,22/02/2021
1,54117.495,22/02/2021
0,45256.4133,28/02/2021
0,45256.4133,28/02/2021
-1,45256.4133,28/02/2021
0,45256.4133,28/02/2021
1,45256.4133,28/02/2021
0,45256.4133,28/02/2021
0,45256.4133,28/02/2021
1,45256.4133,28/02/2021
0,45256.4133,28/02/2021
1,45256.4133,28/02/2021
0,45256.4133,28/02/2021
0,45256.4133,28/02/2021
0,45256.4133,28/02/2021
1,45256.4133,28/02/2021
0,45256.4133,28/02/2021
1,45256.4133,28/02/2021
1,45256.4133,28/02/2021
1,45256.4133,28/02/2021
1,45256.4133,28/02/2021
1,45256.4133,28/02/2021
0,45256.4133,28/02/2021
1,45256.4133,28/02/2021
0,45256.4133,28/02/2021
0,45256.4133,28/02/2021
0,45256.4133,28/02/2021
0,45256.4133,28/02/2021
0,45256.4133,28/02/2021
1,45256.4133,28/02/2021
0,45256.4133,28/02/2021
1,45256.4133,28/02/2021
0,57254.9,12/03/2021
0,57254.9,12/03/2021
0,57254.9,12/03/2021
0,57254.9,12/03/2021
0,57254.9,12/03/2021
1,57254.9,12/03/2021
0,57254.9,12/03/2021
0,57254.9,12/03/2021
0,57254.9,12/03/2021
1,57254.9,12/03/2021
1,57254.9,12/03/2021
0,57254.9,12/03/2021
-1,57254.9,12/03/2021
0,57254.9,12/03/2021
0,57254.9,12/03/2021
1,57254.9,12/03/2021
0,57254.9,12/03/2021
-1,57254.9,12/03/2021
0,57254.9,12/03/2021
0,57254.9,12/03/2021
0,57254.9,12/03/2021
0,57254.9,12/03/2021
0,57254.9,12/03/2021
1,57254.9,12/03/2021
0,57254.9,12/03/2021
1,57254.9,12/03/2021
1,57254.9,12/03/2021
1,57254.9,12/03/2021
1,57254.9,12/03/2021
1,57254.9,12/03/2021
1,57254.9,12/03/2021
0,57254.9,12/03/2021
0,57254.9,12/03/2021
0,57254.9,12/03/2021
0,57254.9,12/03/2021
-1,57254.9,12/03/2021
1,57254.9,12/03/2021
1,57254.9,12/03/2021
0,57254.9,12/03/2021
1,57254.9,12/03/2021
1,57254.9,12/03/2021
0,57254.9,12/03/2021
0,57254.9,12/03/2021
0,57254.9,12/03/2021
1,57254.9,12/03/2021
1,57254.9,12/03/2021
0,57254.9,12/03/2021
1,57254.9,12/03/2021
0,57254.9,12/03/2021
0,57254.9,12/03/2021
1,57254.9,12/03/2021
0,57254.9,12/03/2021
0,57254.9,12/03/2021
0,57254.9,12/03/2021
1,57254.9,12/03/2021
1,57254.9,12/03/2021
1,57254.9,12/03/2021
0,57254.9,12/03/2021
0,57254.9,12/03/2021
1,57254.9,12/03/2021
0,57254.9,12/03/2021
0,57254.9,12/03/2021
1,57254.9,12/03/2021
1,57254.9,12/03/2021
1,57254.9,12/03/2021
0,57254.9,12/03/2021
0,57254.9,12/03/2021
1,57254.9,12/03/2021
0,57254.9,12/03/2021
0,57254.9,12/03/2021
1,57254.9,12/03/2021
-1,57254.9,12/03/2021
-1,57254.9,12/03/2021
1,57254.9,12/03/2021
0,57254.9,12/03/2021
0,57254.9,12/03/2021
0,57254.9,12/03/2021
1,57254.9,12/03/2021
0,57254.9,12/03/2021
0,57827.6133,11/03/2021
1,57827.6133,11/03/2021
0,57827.6133,11/03/2021
1,57827.6133,11/03/2021
0,59856.7133,12/04/2021
0,59856.7133,12/04/2021
-1,59856.7133,12/04/2021
1,59856.7133,12/04/2021
1,59856.7133,12/04/2021
1,59856.7133,12/04/2021
0,59856.7133,12/04/2021
1,59856.7133,12/04/2021
1,59856.7133,12/04/2021
0,59856.7133,12/04/2021
1,59856.7133,12/04/2021
0,59856.7133,12/04/2021
0,59856.7133,12/04/2021
1,59856.7133,12/04/2021
1,59856.7133,12/04/2021
0,59856.7133,12/04/2021
1,59856.7133,12/04/2021
1,59856.7133,12/04/2021
1,59856.7133,12/04/2021
1,59856.7133,12/04/2021
0,59856.7133,12/04/2021
1,59856.7133,12/04/2021
1,59856.7133,12/04/2021
0,59856.7133,12/04/2021
0,59856.7133,12/04/2021
0,59856.7133,12/04/2021
0,59856.7133,12/04/2021
1,59856.7133,12/04/2021
0,59856.7133,12/04/2021
0,59856.7133,12/04/2021
1,59856.7133,12/04/2021
0,59856.7133,12/04/2021
1,59856.7133,12/04/2021
1,59856.7133,12/04/2021
0,59856.7133,12/04/2021
0,59856.7133,12/04/2021
0,59856.7133,12/04/2021
0,59856.7133,12/04/2021
0,59990.8733,11/04/2021
1,59990.8733,11/04/2021
0,59990.8733,11/04/2021
1,59990.8733,11/04/2021
0,59990.8733,11/04/2021
1,59990.8733,11/04/2021
0,59990.8733,11/04/2021
1,59990.8733,11/04/2021
1,59990.8733,11/04/2021
0,59990.8733,11/04/2021
1,59990.8733,11/04/2021
1,59990.8733,11/04/2021
1,59990.8733,11/04/2021
0,59990.8733,11/04/2021
0,59990.8733,11/04/2021
1,59990.8733,11/04/2021
0,59990.8733,11/04/2021
0,59990.8733,11/04/2021
1,59990.8733,11/04/2021
1,59990.8733,11/04/2021
0,59990.8733,11/04/2021
1,59990.8733,11/04/2021
0,59990.8733,11/04/2021
0,59990.8733,11/04/2021
0,59990.8733,11/04/2021
0,59990.8733,11/04/2021
0,59990.8733,11/04/2021
0,59990.8733,11/04/2021
0,59990.8733,11/04/2021
1,59990.8733,11/04/2021
1,59990.8733,11/04/2021
1,59990.8733,11/04/2021
0,59990.8733,11/04/2021
1,59990.8733,11/04/2021
1,59990.8733,11/04/2021
0,59990.8733,11/04/2021
0,59990.8733,11/04/2021
1,59990.8733,11/04/2021
0,59990.8733,11/04/2021
1,59990.8733,11/04/2021
0,59791.845,10/04/2021
0,59791.845,10/04/2021
0,59791.845,10/04/2021
0,59791.845,10/04/2021
1,59791.845,10/04/2021
1,59791.845,10/04/2021
1,59791.845,10/04/2021
0,59791.845,10/04/2021
0,59791.845,10/04/2021
1,59791.845,10/04/2021
1,59791.845,10/04/2021
0,59791.845,10/04/2021
0,59791.845,10/04/2021
0,59791.845,10/04/2021
1,59791.845,10/04/2021
-1,59791.845,10/04/2021
0,59791.845,10/04/2021
0,59791.845,10/04/2021
0,59791.845,10/04/2021
1,59791.845,10/04/2021
1,59791.845,10/04/2021
0,59791.845,10/04/2021
1,59791.845,10/04/2021
0,59791.845,10/04/2021
1,59791.845,10/04/2021
0,59791.845,10/04/2021
0,59791.845,10/04/2021
0,59791.845,10/04/2021
1,59791.845,10/04/2021
1,59791.845,10/04/2021
0,59791.845,10/04/2021
0,59791.845,10/04/2021
0,59791.845,10/04/2021
1,59791.845,10/04/2021
1,59791.845,10/04/2021
0,59791.845,10/04/2021
0,59791.845,10/04/2021
0,59791.845,10/04/2021
1,59791.845,10/04/2021
1,59791.845,10/04/2021
0,59791.845,10/04/2021
1,59791.845,10/04/2021
1,59791.845,10/04/2021
0,59791.845,10/04/2021
0,59791.845,10/04/2021
0,59791.845,10/04/2021
0,59791.845,10/04/2021
1,59791.845,10/04/2021
0,59791.845,10/04/2021
0,59791.845,10/04/2021
1,59791.845,10/04/2021
0,59791.845,10/04/2021
0,59791.845,10/04/2021
0,59791.845,10/04/2021
-1,59791.845,10/04/2021
1,59791.845,10/04/2021
1,59791.845,10/04/2021
1,59791.845,10/04/2021
1,59791.845,10/04/2021
0,59791.845,10/04/2021
0,59791.845,10/04/2021
0,59791.845,10/04/2021
1,59791.845,10/04/2021
1,59791.845,10/04/2021
0,59791.845,10/04/2021
0,59791.845,10/04/2021
0,59791.845,10/04/2021
0,59791.845,10/04/2021
0,59791.845,10/04/2021
0,59791.845,10/04/2021
1,59791.845,10/04/2021
0,59791.845,10/04/2021
1,59791.845,10/04/2021
1,59791.845,10/04/2021
0,59791.845,10/04/2021
0,59791.845,10/04/2021
0,59791.845,10/04/2021
-1,59791.845,10/04/2021
1,59791.845,10/04/2021
1,59791.845,10/04/2021
0,59791.845,10/04/2021
0,58119.59,09/04/2021
0,58119.59,09/04/2021
1,58119.59,09/04/2021
1,58119.59,09/04/2021
-1,58119.59,09/04/2021
0,58119.59,09/04/2021
1,58119.59,09/04/2021
1,58119.59,09/04/2021
1,58119.59,09/04/2021
0,58119.59,09/04/2021
0,58119.59,09/04/2021
0,58119.59,09/04/2021
1,58119.59,09/04/2021
0,58119.59,09/04/2021
1,58119.59,09/04/2021
1,58119.59,09/04/2021
-1,58119.59,09/04/2021
0,58119.59,09/04/2021
0,58119.59,09/04/2021
-1,58119.59,09/04/2021
1,58119.59,09/04/2021
1,58119.59,09/04/2021
-1,58119.59,09/04/2021
0,58119.59,09/04/2021
0,58119.59,09/04/2021
0,58119.59,09/04/2021
0,58119.59,09/04/2021
0,58119.59,09/04/2021
0,58119.59,09/04/2021
0,58119.59,09/04/2021
0,58119.59,09/04/2021
0,58119.59,09/04/2021
0,58119.59,09/04/2021
1,58119.59,09/04/2021
0,58119.59,09/04/2021
0,58119.59,09/04/2021
0,58119.59,09/04/2021
0,58119.59,09/04/2021
1,58119.59,09/04/2021
0,58119.59,09/04/2021
1,58119.59,09/04/2021
0,58119.59,09/04/2021
1,58119.59,09/04/2021
1,58119.59,09/04/2021
0,58119.59,09/04/2021
0,58119.59,09/04/2021
0,58119.59,09/04/2021
0,58119.59,09/04/2021
0,58119.59,09/04/2021
0,58119.59,09/04/2021
1,58119.59,09/04/2021
1,58119.59,09/04/2021
1,58119.59,09/04/2021
0,58119.59,09/04/2021
0,58119.59,09/04/2021
1,58119.59,09/04/2021
1,58119.59,09/04/2021
1,58119.59,09/04/2021
1,58119.59,09/04/2021
0,58119.59,09/04/2021
0,58119.59,09/04/2021
0,58119.59,09/04/2021
0,58119.59,09/04/2021
1,58119.59,09/04/2021
0,58119.59,09/04/2021
0,58119.59,09/04/2021
0,58119.59,09/04/2021
0,58119.59,09/04/2021
0,58119.59,09/04/2021
0,58087.18,08/04/2021
1,58087.18,08/04/2021
0,58087.18,08/04/2021
0,58087.18,08/04/2021
0,58087.18,08/04/2021
0,58087.18,08/04/2021
0,58087.18,08/04/2021
1,58087.18,08/04/2021
1,58087.18,08/04/2021
1,58087.18,08/04/2021
0,58087.18,08/04/2021
0,58087.18,08/04/2021
1,58087.18,08/04/2021
0,58087.18,08/04/2021
0,58087.18,08/04/2021
0,58087.18,08/04/2021
1,58087.18,08/04/2021
1,58087.18,08/04/2021
0,58087.18,08/04/2021
0,58087.18,08/04/2021
-1,58087.18,08/04/2021
0,58087.18,08/04/2021
0,58087.18,08/04/2021
1,58087.18,08/04/2021
0,58087.18,08/04/2021
1,58087.18,08/04/2021
0,58087.18,08/04/2021
0,58087.18,08/04/2021
0,58087.18,08/04/2021
0,58087.18,08/04/2021
1,58087.18,08/04/2021
0,58087.18,08/04/2021
0,58087.18,08/04/2021
1,58087.18,08/04/2021
0,58087.18,08/04/2021
1,58087.18,08/04/2021
0,58087.18,08/04/2021
0,58087.18,08/04/2021
-1,58087.18,08/04/2021
-1,58087.18,08/04/2021
1,58087.18,08/04/2021
1,58087.18,08/04/2021
1,58087.18,08/04/2021
0,58087.18,08/04/2021
1,58087.18,08/04/2021
0,58087.18,08/04/2021
0,58087.18,08/04/2021
1,58087.18,08/04/2021
0,58087.18,08/04/2021
0,58087.18,08/04/2021
0,58087.18,08/04/2021
0,58087.18,08/04/2021
0,58087.18,08/04/2021
1,58087.18,08/04/2021
0,58087.18,08/04/2021
0,58087.18,08/04/2021
0,58087.18,08/04/2021
0,58087.18,08/04/2021
1,58087.18,08/04/2021
1,58087.18,08/04/2021
1,58087.18,08/04/2021
0,58087.18,08/04/2021
0,58087.18,08/04/2021
1,58087.18,08/04/2021
0,58087.18,08/04/2021
0,58087.18,08/04/2021
0,58087.18,08/04/2021
1,58087.18,08/04/2021
1,58087.18,08/04/2021
0,58087.18,08/04/2021
-1,58087.18,08/04/2021
0,58087.18,08/04/2021
1,58087.18,08/04/2021
0,58087.18,08/04/2021
-1,55950.97,07/04/2021
1,55950.97,07/04/2021
1,55950.97,07/04/2021
1,55950.97,07/04/2021
0,55950.97,07/04/2021
0,55950.97,07/04/2021
1,55950.97,07/04/2021
0,55950.97,07/04/2021
0,55950.97,07/04/2021
0,55950.97,07/04/2021
0,55950.97,07/04/2021
0,55950.97,07/04/2021
0,55950.97,07/04/2021
0,55950.97,07/04/2021
1,55950.97,07/04/2021
0,55950.97,07/04/2021
1,55950.97,07/04/2021
0,55950.97,07/04/2021
0,55950.97,07/04/2021
1,55950.97,07/04/2021
0,55950.97,07/04/2021
0,55950.97,07/04/2021
0,55950.97,07/04/2021
1,55950.97,07/04/2021
-1,55950.97,07/04/2021
1,55950.97,07/04/2021
1,55950.97,07/04/2021
1,55950.97,07/04/2021
0,55950.97,07/04/2021
0,55950.97,07/04/2021
0,55950.97,07/04/2021
0,55950.97,07/04/2021
1,55950.97,07/04/2021
1,55950.97,07/04/2021
1,55950.97,07/04/2021
1,55950.97,07/04/2021
0,55950.97,07/04/2021
1,55950.97,07/04/2021
0,55950.97,07/04/2021
0,55950.97,07/04/2021
1,55950.97,07/04/2021
0,55950.97,07/04/2021
1,55950.97,07/04/2021
0,55950.97,07/04/2021
1,55950.97,07/04/2021
0,55950.97,07/04/2021
1,55950.97,07/04/2021
0,55950.97,07/04/2021
0,55950.97,07/04/2021
1,55950.97,07/04/2021
0,55950.97,07/04/2021
0,55950.97,07/04/2021
0,55950.97,07/04/2021
-1,55950.97,07/04/2021
0,55950.97,07/04/2021
1,55950.97,07/04/2021
0,55950.97,07/04/2021
1,55950.97,07/04/2021
1,55950.97,07/04/2021
0,55950.97,07/04/2021
0,55950.97,07/04/2021
1,55950.97,07/04/2021
0,55950.97,07/04/2021
0,55950.97,07/04/2021
0,55950.97,07/04/2021
1,55950.97,07/04/2021
0,55950.97,07/04/2021
0,55950.97,07/04/2021
1,55950.97,07/04/2021
0,55950.97,07/04/2021
0,55950.97,07/04/2021
1,55950.97,07/04/2021
0,55950.97,07/04/2021
1,55950.97,07/04/2021
1,55950.97,07/04/2021
1,55950.97,07/04/2021
1,55950.97,07/04/2021
0,55950.97,07/04/2021
0,55950.97,07/04/2021
0,55950.97,07/04/2021
1,58011.415,06/04/2021
1,58011.415,06/04/2021
0,58011.415,06/04/2021
1,58011.415,06/04/2021
0,58011.415,06/04/2021
0,58011.415,06/04/2021
0,58011.415,06/04/2021
0,58011.415,06/04/2021
0,58011.415,06/04/2021
0,58011.415,06/04/2021
1,58011.415,06/04/2021
0,58011.415,06/04/2021
1,58011.415,06/04/2021
1,58011.415,06/04/2021
1,58011.415,06/04/2021
0,58011.415,06/04/2021
0,58011.415,06/04/2021
0,58011.415,06/04/2021
0,58011.415,06/04/2021
1,58011.415,06/04/2021
0,58011.415,06/04/2021
-1,58011.415,06/04/2021
1,58011.415,06/04/2021
0,58011.415,06/04/2021
0,58011.415,06/04/2021
1,58011.415,06/04/2021
-1,58011.415,06/04/2021
0,58011.415,06/04/2021
0,58011.415,06/04/2021
0,58011.415,06/04/2021
0,58011.415,06/04/2021
0,58011.415,06/04/2021
1,58011.415,06/04/2021
1,58011.415,06/04/2021
1,58011.415,06/04/2021
0,58011.415,06/04/2021
1,58011.415,06/04/2021
0,58011.415,06/04/2021
0,58011.415,06/04/2021
0,58011.415,06/04/2021
0,58011.415,06/04/2021
0,58011.415,06/04/2021
0,58011.415,06/04/2021
0,58011.415,06/04/2021
0,58011.415,06/04/2021
1,58011.415,06/04/2021
1,58011.415,06/04/2021
1,58011.415,06/04/2021
0,58011.415,06/04/2021
0,58011.415,06/04/2021
1,58011.415,06/04/2021
1,58011.415,06/04/2021
0,58011.415,06/04/2021
0,58011.415,06/04/2021
0,58011.415,06/04/2021
0,58011.415,06/04/2021
1,58011.415,06/04/2021
0,58011.415,06/04/2021
0,58011.415,06/04/2021
1,58011.415,06/04/2021
0,58011.415,06/04/2021
1,58011.415,06/04/2021
1,58011.415,06/04/2021
0,58011.415,06/04/2021
1,58011.415,06/04/2021
0,58011.415,06/04/2021
0,58011.415,06/04/2021
0,58011.415,06/04/2021
0,58011.415,06/04/2021
1,58011.415,06/04/2021
0,58011.415,06/04/2021
1,58011.415,06/04/2021
1,58011.415,06/04/2021
0,58011.415,06/04/2021
1,59140.685,05/04/2021
0,59140.685,05/04/2021
0,59140.685,05/04/2021
1,59140.685,05/04/2021
0,59140.685,05/04/2021
0,59140.685,05/04/2021
0,59140.685,05/04/2021
1,59140.685,05/04/2021
0,59140.685,05/04/2021
0,59140.685,05/04/2021
0,59140.685,05/04/2021
1,59140.685,05/04/2021
1,59140.685,05/04/2021
1,59140.685,05/04/2021
0,59140.685,05/04/2021
0,59140.685,05/04/2021
0,59140.685,05/04/2021
1,59140.685,05/04/2021
1,59140.685,05/04/2021
0,59140.685,05/04/2021
0,59140.685,05/04/2021
0,59140.685,05/04/2021
1,59140.685,05/04/2021
1,59140.685,05/04/2021
0,59140.685,05/04/2021
1,59140.685,05/04/2021
1,59140.685,05/04/2021
1,59140.685,05/04/2021
1,59140.685,05/04/2021
-1,59140.685,05/04/2021
1,59140.685,05/04/2021
-1,59140.685,05/04/2021
0,59140.685,05/04/2021
1,59140.685,05/04/2021
1,59140.685,05/04/2021
1,59140.685,05/04/2021
1,59140.685,05/04/2021
1,59140.685,05/04/2021
0,59140.685,05/04/2021
0,59140.685,05/04/2021
0,59140.685,05/04/2021
0,59140.685,05/04/2021
1,59140.685,05/04/2021
1,59140.685,05/04/2021
1,50123.7367,24/04/2021
0,50123.7367,24/04/2021
1,50123.7367,24/04/2021
0,50123.7367,24/04/2021
0,50123.7367,24/04/2021
0,50123.7367,24/04/2021
0,50123.7367,24/04/2021
-1,50123.7367,24/04/2021
0,50123.7367,24/04/2021
0,50123.7367,24/04/2021
1,50123.7367,24/04/2021
1,50123.7367,24/04/2021
1,50123.7367,24/04/2021
1,50123.7367,24/04/2021
0,50123.7367,24/04/2021
1,50123.7367,24/04/2021
0,50123.7367,24/04/2021
1,50123.7367,24/04/2021
1,50123.7367,24/04/2021
0,50123.7367,24/04/2021
0,50123.7367,24/04/2021
0,50123.7367,24/04/2021
1,50123.7367,24/04/2021
1,50123.7367,24/04/2021
1,50123.7367,24/04/2021
0,50123.7367,24/04/2021
0,50123.7367,24/04/2021
1,50123.7367,24/04/2021
0,50123.7367,24/04/2021
1,50123.7367,24/04/2021
0,50123.7367,24/04/2021
0,50123.7367,24/04/2021
0,50123.7367,24/04/2021
0,50123.7367,24/04/2021
0,50123.7367,24/04/2021
1,50123.7367,24/04/2021
0,50123.7367,24/04/2021
1,50123.7367,24/04/2021
1,50123.7367,24/04/2021
0,50123.7367,24/04/2021
0,50123.7367,24/04/2021
0,50123.7367,24/04/2021
0,50123.7367,24/04/2021
1,50123.7367,24/04/2021
1,50123.7367,24/04/2021
0,50123.7367,24/04/2021
0,50123.7367,24/04/2021
0,50123.7367,24/04/2021
0,50123.7367,24/04/2021
0,50123.7367,24/04/2021
1,50123.7367,24/04/2021
0,50123.7367,24/04/2021
0,50123.7367,24/04/2021
0,50123.7367,24/04/2021
1,50123.7367,24/04/2021
0,50123.7367,24/04/2021
0,50123.7367,24/04/2021
0,50123.7367,24/04/2021
1,50123.7367,24/04/2021
0,50123.7367,24/04/2021
0,50123.7367,24/04/2021
0,50123.7367,24/04/2021
0,50123.7367,24/04/2021
0,50123.7367,24/04/2021
1,50123.7367,24/04/2021
0,50123.7367,24/04/2021
1,50123.7367,24/04/2021
0,50123.7367,24/04/2021
1,50123.7367,24/04/2021
0,50123.7367,24/04/2021
1,50123.7367,24/04/2021
1,50123.7367,24/04/2021
1,50123.7367,24/04/2021
1,50123.7367,24/04/2021
1,50123.7367,24/04/2021
0,50123.7367,24/04/2021
0,50123.7367,24/04/2021
0,50123.7367,24/04/2021
0,50123.7367,24/04/2021
0,51161.1467,23/04/2021
0,51161.1467,23/04/2021
-1,51161.1467,23/04/2021
0,51161.1467,23/04/2021
0,51161.1467,23/04/2021
0,51161.1467,23/04/2021
1,51161.1467,23/04/2021
1,51161.1467,23/04/2021
0,51161.1467,23/04/2021
0,51161.1467,23/04/2021
0,51161.1467,23/04/2021
-1,51161.1467,23/04/2021
1,51161.1467,23/04/2021
0,51161.1467,23/04/2021
0,51161.1467,23/04/2021
0,51161.1467,23/04/2021
1,51161.1467,23/04/2021
0,51161.1467,23/04/2021
1,51161.1467,23/04/2021
0,51161.1467,23/04/2021
0,51161.1467,23/04/2021
1,51161.1467,23/04/2021
1,51161.1467,23/04/2021
1,51161.1467,23/04/2021
1,51161.1467,23/04/2021
1,51161.1467,23/04/2021
0,51161.1467,23/04/2021
0,51161.1467,23/04/2021
0,51161.1467,23/04/2021
1,51161.1467,23/04/2021
0,51161.1467,23/04/2021
0,51161.1467,23/04/2021
0,51161.1467,23/04/2021
0,51161.1467,23/04/2021
1,51161.1467,23/04/2021
0,51161.1467,23/04/2021
-1,51161.1467,23/04/2021
0,51161.1467,23/04/2021
1,51161.1467,23/04/2021
1,51161.1467,23/04/2021
0,51161.1467,23/04/2021
0,51161.1467,23/04/2021
1,51161.1467,23/04/2021
0,51161.1467,23/04/2021
1,51161.1467,23/04/2021
0,51161.1467,23/04/2021
0,51161.1467,23/04/2021
0,51161.1467,23/04/2021
0,51161.1467,23/04/2021
1,51161.1467,23/04/2021
1,51161.1467,23/04/2021
1,51161.1467,23/04/2021
1,51161.1467,23/04/2021
0,51161.1467,23/04/2021
0,51161.1467,23/04/2021
1,51161.1467,23/04/2021
0,51161.1467,23/04/2021
1,51161.1467,23/04/2021
0,51161.1467,23/04/2021
1,51161.1467,23/04/2021
0,51161.1467,23/04/2021
1,51161.1467,23/04/2021
0,51161.1467,23/04/2021
0,51161.1467,23/04/2021
0,51161.1467,23/04/2021
0,51161.1467,23/04/2021
0,51161.1467,23/04/2021
1,51161.1467,23/04/2021
1,51161.1467,23/04/2021
0,51161.1467,23/04/2021
0,51161.1467,23/04/2021
0,51161.1467,23/04/2021
0,51161.1467,23/04/2021
1,51161.1467,23/04/2021
0,51161.1467,23/04/2021
1,51161.1467,23/04/2021
0,51161.1467,23/04/2021
1,51161.1467,23/04/2021
0,51161.1467,23/04/2021
0,51161.1467,23/04/2021
-1,51161.1467,23/04/2021
0,51161.1467,23/04/2021
-1,51161.1467,23/04/2021
0,51161.1467,23/04/2021
0,51161.1467,23/04/2021
0,51161.1467,23/04/2021
0,51161.1467,23/04/2021
0,51161.1467,23/04/2021
0,51161.1467,23/04/2021
0,51161.1467,23/04/2021
1,51161.1467,23/04/2021
0,51161.1467,23/04/2021
1,51161.1467,23/04/2021
-1,51161.1467,23/04/2021
1,51161.1467,23/04/2021
0,51161.1467,23/04/2021
0,51161.1467,23/04/2021
0,51161.1467,23/04/2021
0,51161.1467,23/04/2021
1,51161.1467,23/04/2021
0,51161.1467,23/04/2021
1,51161.1467,23/04/2021
0,51161.1467,23/04/2021
0,51161.1467,23/04/2021
0,51161.1467,23/04/2021
0,51161.1467,23/04/2021
-1,51161.1467,23/04/2021
0,51161.1467,23/04/2021
1,51161.1467,23/04/2021
1,51161.1467,23/04/2021
1,51161.1467,23/04/2021
1,51161.1467,23/04/2021
1,51161.1467,23/04/2021
0,51161.1467,23/04/2021
0,51161.1467,23/04/2021
0,51161.1467,23/04/2021
1,51161.1467,23/04/2021
0,51161.1467,23/04/2021
1,51722.1333,22/04/2021
0,51722.1333,22/04/2021
0,51722.1333,22/04/2021
1,51722.1333,22/04/2021
0,51722.1333,22/04/2021
0,51722.1333,22/04/2021
0,51722.1333,22/04/2021
1,51722.1333,22/04/2021
0,51722.1333,22/04/2021
1,51722.1333,22/04/2021
0,51722.1333,22/04/2021
0,51722.1333,22/04/2021
0,51722.1333,22/04/2021
1,51722.1333,22/04/2021
1,51722.1333,22/04/2021
0,51722.1333,22/04/2021
1,51722.1333,22/04/2021
1,51722.1333,22/04/2021
1,51722.1333,22/04/2021
0,51722.1333,22/04/2021
1,51722.1333,22/04/2021
1,51722.1333,22/04/2021
1,51722.1333,22/04/2021
1,51722.1333,22/04/2021
1,51722.1333,22/04/2021
-1,51722.1333,22/04/2021
-1,51722.1333,22/04/2021
0,51722.1333,22/04/2021
0,51722.1333,22/04/2021
1,51722.1333,22/04/2021
0,51722.1333,22/04/2021
1,51722.1333,22/04/2021
1,51722.1333,22/04/2021
1,51722.1333,22/04/2021
1,51722.1333,22/04/2021
0,51722.1333,22/04/2021
0,51722.1333,22/04/2021
1,51722.1333,22/04/2021
0,51722.1333,22/04/2021
0,51722.1333,22/04/2021
1,51722.1333,22/04/2021
0,51722.1333,22/04/2021
0,51722.1333,22/04/2021
0,51722.1333,22/04/2021
0,51722.1333,22/04/2021
1,51722.1333,22/04/2021
1,51722.1333,22/04/2021
0,51722.1333,22/04/2021
0,51722.1333,22/04/2021
0,51722.1333,22/04/2021
1,51722.1333,22/04/2021
0,51722.1333,22/04/2021
1,51722.1333,22/04/2021
0,51722.1333,22/04/2021
0,51722.1333,22/04/2021
1,51722.1333,22/04/2021
0,51722.1333,22/04/2021
0,51722.1333,22/04/2021
1,51722.1333,22/04/2021
1,51722.1333,22/04/2021
0,51722.1333,22/04/2021
0,51722.1333,22/04/2021
0,51722.1333,22/04/2021
0,51722.1333,22/04/2021
1,51722.1333,22/04/2021
-1,51722.1333,22/04/2021
1,51722.1333,22/04/2021
1,51722.1333,22/04/2021
1,51722.1333,22/04/2021
0,51722.1333,22/04/2021
0,51722.1333,22/04/2021
1,51722.1333,22/04/2021
1,51722.1333,22/04/2021
0,51722.1333,22/04/2021
1,51722.1333,22/04/2021
0,51722.1333,22/04/2021
0,51722.1333,22/04/2021
1,51722.1333,22/04/2021
0,51722.1333,22/04/2021
0,51722.1333,22/04/2021
0,51722.1333,22/04/2021
0,51722.1333,22/04/2021
0,51722.1333,22/04/2021
1,51722.1333,22/04/2021
1,51722.1333,22/04/2021
1,51722.1333,22/04/2021
0,51722.1333,22/04/2021
1,51722.1333,22/04/2021
0,51722.1333,22/04/2021
0,51722.1333,22/04/2021
0,51722.1333,22/04/2021
-1,51722.1333,22/04/2021
0,51722.1333,22/04/2021
0,51722.1333,22/04/2021
0,51722.1333,22/04/2021
0,51722.1333,22/04/2021
0,51722.1333,22/04/2021
0,51722.1333,22/04/2021
0,51722.1333,22/04/2021
0,51722.1333,22/04/2021
0,51722.1333,22/04/2021
1,51722.1333,22/04/2021
1,53812.075,21/04/2021
0,53812.075,21/04/2021
1,53812.075,21/04/2021
0,53812.075,21/04/2021
0,53812.075,21/04/2021
0,53812.075,21/04/2021
0,53812.075,21/04/2021
0,53812.075,21/04/2021
-1,53812.075,21/04/2021
0,53812.075,21/04/2021
1,53812.075,21/04/2021
0,53812.075,21/04/2021
0,53812.075,21/04/2021
0,53812.075,21/04/2021
0,53812.075,21/04/2021
0,53812.075,21/04/2021
0,53812.075,21/04/2021
1,53812.075,21/04/2021
0,53812.075,21/04/2021
0,53812.075,21/04/2021
1,53812.075,21/04/2021
1,53812.075,21/04/2021
1,53812.075,21/04/2021
0,53812.075,21/04/2021
0,53812.075,21/04/2021
0,53812.075,21/04/2021
0,53812.075,21/04/2021
0,53812.075,21/04/2021
0,53812.075,21/04/2021
0,53812.075,21/04/2021
0,53812.075,21/04/2021
0,53812.075,21/04/2021
1,53812.075,21/04/2021
1,53812.075,21/04/2021
0,53812.075,21/04/2021
0,53812.075,21/04/2021
0,53812.075,21/04/2021
1,53812.075,21/04/2021
1,53812.075,21/04/2021
0,53812.075,21/04/2021
0,53812.075,21/04/2021
0,53812.075,21/04/2021
0,53812.075,21/04/2021
1,53812.075,21/04/2021
0,53812.075,21/04/2021
0,53812.075,21/04/2021
1,53812.075,21/04/2021
0,53812.075,21/04/2021
1,53812.075,21/04/2021
1,53812.075,21/04/2021
1,53812.075,21/04/2021
1,53812.075,21/04/2021
1,53812.075,21/04/2021
0,53812.075,21/04/2021
0,53812.075,21/04/2021
0,53812.075,21/04/2021
0,53812.075,21/04/2021
1,53812.075,21/04/2021
0,53812.075,21/04/2021
0,53812.075,21/04/2021
1,53812.075,21/04/2021
0,53812.075,21/04/2021
1,53812.075,21/04/2021
1,53812.075,21/04/2021
0,53812.075,21/04/2021
0,53812.075,21/04/2021
1,53812.075,21/04/2021
1,53812.075,21/04/2021
1,53812.075,21/04/2021
0,53812.075,21/04/2021
1,53812.075,21/04/2021
0,53812.075,21/04/2021
0,53812.075,21/04/2021
0,53812.075,21/04/2021
0,53812.075,21/04/2021
0,53812.075,21/04/2021
1,53812.075,21/04/2021
0,53812.075,21/04/2021
0,53812.075,21/04/2021
0,53812.075,21/04/2021
0,53812.075,21/04/2021
0,53812.075,21/04/2021
1,53812.075,21/04/2021
0,53812.075,21/04/2021
1,53812.075,21/04/2021
0,53812.075,21/04/2021
0,53812.075,21/04/2021
1,53812.075,21/04/2021
0,56499.2767,20/04/2021
0,56499.2767,20/04/2021
-1,56499.2767,20/04/2021
0,56499.2767,20/04/2021
0,56499.2767,20/04/2021
1,56499.2767,20/04/2021
1,56499.2767,20/04/2021
1,56499.2767,20/04/2021
0,56499.2767,20/04/2021
1,56499.2767,20/04/2021
1,56499.2767,20/04/2021
0,56499.2767,20/04/2021
0,56499.2767,20/04/2021
1,56499.2767,20/04/2021
0,56499.2767,20/04/2021
0,56499.2767,20/04/2021
1,56499.2767,20/04/2021
1,56499.2767,20/04/2021
0,56499.2767,20/04/2021
1,56499.2767,20/04/2021
0,56499.2767,20/04/2021
0,56499.2767,20/04/2021
1,56499.2767,20/04/2021
1,56499.2767,20/04/2021
0,56499.2767,20/04/2021
0,56499.2767,20/04/2021
0,56499.2767,20/04/2021
0,56499.2767,20/04/2021
0,56499.2767,20/04/2021
0,56499.2767,20/04/2021
0,56499.2767,20/04/2021
0,56499.2767,20/04/2021
0,56499.2767,20/04/2021
1,56499.2767,20/04/2021
1,56499.2767,20/04/2021
0,56499.2767,20/04/2021
1,56499.2767,20/04/2021
0,56499.2767,20/04/2021
0,56499.2767,20/04/2021
0,56499.2767,20/04/2021
1,56499.2767,20/04/2021
0,56499.2767,20/04/2021
0,56499.2767,20/04/2021
1,56499.2767,20/04/2021
0,56499.2767,20/04/2021
1,56499.2767,20/04/2021
1,56499.2767,20/04/2021
0,56499.2767,20/04/2021
1,56499.2767,20/04/2021
1,56499.2767,20/04/2021
0,56499.2767,20/04/2021
1,56499.2767,20/04/2021
1,56499.2767,20/04/2021
1,56499.2767,20/04/2021
1,56499.2767,20/04/2021
0,56499.2767,20/04/2021
0,56499.2767,20/04/2021
1,56499.2767,20/04/2021
0,56499.2767,20/04/2021
0,56499.2767,20/04/2021
0,56499.2767,20/04/2021
0,56499.2767,20/04/2021
0,56499.2767,20/04/2021
0,56499.2767,20/04/2021
1,56499.2767,20/04/2021
1,56499.2767,20/04/2021
0,56499.2767,20/04/2021
0,56499.2767,20/04/2021
0,56499.2767,20/04/2021
1,56499.2767,20/04/2021
1,56499.2767,20/04/2021
0,56499.2767,20/04/2021
0,56499.2767,20/04/2021
0,56499.2767,20/04/2021
0,56499.2767,20/04/2021
0,56499.2767,20/04/2021
0,56499.2767,20/04/2021
1,56499.2767,20/04/2021
1,56499.2767,20/04/2021
-1,56499.2767,20/04/2021
0,56499.2767,20/04/2021
1,56499.2767,20/04/2021
1,56499.2767,20/04/2021
1,56499.2767,20/04/2021
0,56499.2767,20/04/2021
1,56499.2767,20/04/2021
-1,56499.2767,20/04/2021
0,56499.2767,20/04/2021
0,55668.2283,19/04/2021
-1,55668.2283,19/04/2021
0,55668.2283,19/04/2021
0,55668.2283,19/04/2021
1,55668.2283,19/04/2021
1,55668.2283,19/04/2021
1,55668.2283,19/04/2021
0,55668.2283,19/04/2021
1,55668.2283,19/04/2021
0,55668.2283,19/04/2021
0,55668.2283,19/04/2021
1,55668.2283,19/04/2021
0,55668.2283,19/04/2021
1,55668.2283,19/04/2021
1,55668.2283,19/04/2021
1,55668.2283,19/04/2021
-1,55668.2283,19/04/2021
0,55668.2283,19/04/2021
1,55668.2283,19/04/2021
1,55668.2283,19/04/2021
1,55668.2283,19/04/2021
0,55668.2283,19/04/2021
0,55668.2283,19/04/2021
0,55668.2283,19/04/2021
0,55668.2283,19/04/2021
1,55668.2283,19/04/2021
0,55668.2283,19/04/2021
0,55668.2283,19/04/2021
1,55668.2283,19/04/2021
1,55668.2283,19/04/2021
0,55668.2283,19/04/2021
-1,55668.2283,19/04/2021
1,55668.2283,19/04/2021
1,55668.2283,19/04/2021
0,55668.2283,19/04/2021
0,55668.2283,19/04/2021
0,55668.2283,19/04/2021
-1,55668.2283,19/04/2021
0,55668.2283,19/04/2021
1,55668.2283,19/04/2021
1,55668.2283,19/04/2021
1,55668.2283,19/04/2021
1,55668.2283,19/04/2021
1,55668.2283,19/04/2021
1,55668.2283,19/04/2021
0,55668.2283,19/04/2021
1,55668.2283,19/04/2021
1,55668.2283,19/04/2021
0,55668.2283,19/04/2021
1,55668.2283,19/04/2021
0,55668.2283,19/04/2021
0,55668.2283,19/04/2021
0,55668.2283,19/04/2021
0,55668.2283,19/04/2021
0,55668.2283,19/04/2021
0,55668.2283,19/04/2021
-1,55668.2283,19/04/2021
1,55668.2283,19/04/2021
0,55668.2283,19/04/2021
1,55668.2283,19/04/2021
1,55668.2283,19/04/2021
0,55668.2283,19/04/2021
0,55668.2283,19/04/2021
0,55668.2283,19/04/2021
0,55668.2283,19/04/2021
0,55668.2283,19/04/2021
0,55668.2283,19/04/2021
0,55668.2283,19/04/2021
0,55668.2283,19/04/2021
1,55668.2283,19/04/2021
1,55668.2283,19/04/2021
0,55668.2283,19/04/2021
1,55668.2283,19/04/2021
1,55668.2283,19/04/2021
1,55668.2283,19/04/2021
1,55668.2283,19/04/2021
0,55668.2283,19/04/2021
0,55668.2283,19/04/2021
0,55668.2283,19/04/2021
0,55668.2283,19/04/2021
0,55668.2283,19/04/2021
-1,55668.2283,19/04/2021
1,55668.2283,19/04/2021
1,56232.3767,18/04/2021
0,56232.3767,18/04/2021
1,56232.3767,18/04/2021
0,56232.3767,18/04/2021
0,56232.3767,18/04/2021
0,56232.3767,18/04/2021
0,56232.3767,18/04/2021
-1,56232.3767,18/04/2021
0,56232.3767,18/04/2021
1,56232.3767,18/04/2021
-1,56232.3767,18/04/2021
1,56232.3767,18/04/2021
0,56232.3767,18/04/2021
1,56232.3767,18/04/2021
1,56232.3767,18/04/2021
0,56232.3767,18/04/2021
1,56232.3767,18/04/2021
0,56232.3767,18/04/2021
0,56232.3767,18/04/2021
1,56232.3767,18/04/2021
0,56232.3767,18/04/2021
0,56232.3767,18/04/2021
1,56232.3767,18/04/2021
-1,56232.3767,18/04/2021
1,56232.3767,18/04/2021
0,56232.3767,18/04/2021
1,56232.3767,18/04/2021
1,56232.3767,18/04/2021
1,56232.3767,18/04/2021
0,56232.3767,18/04/2021
1,56232.3767,18/04/2021
0,56232.3767,18/04/2021
1,56232.3767,18/04/2021
1,56232.3767,18/04/2021
0,56232.3767,18/04/2021
1,56232.3767,18/04/2021
-1,56232.3767,18/04/2021
1,56232.3767,18/04/2021
0,56232.3767,18/04/2021
1,56232.3767,18/04/2021
1,56232.3767,18/04/2021
0,56232.3767,18/04/2021
1,56232.3767,18/04/2021
1,56232.3767,18/04/2021
1,56232.3767,18/04/2021
0,56232.3767,18/04/2021
0,56232.3767,18/04/2021
1,56232.3767,18/04/2021
0,56232.3767,18/04/2021
1,56232.3767,18/04/2021
0,56232.3767,18/04/2021
0,56232.3767,18/04/2021
0,56232.3767,18/04/2021
0,56232.3767,18/04/2021
0,56232.3767,18/04/2021
0,56232.3767,18/04/2021
1,56232.3767,18/04/2021
0,56232.3767,18/04/2021
0,56232.3767,18/04/2021
0,56232.3767,18/04/2021
0,56232.3767,18/04/2021
0,56232.3767,18/04/2021
0,56232.3767,18/04/2021
0,56232.3767,18/04/2021
0,56232.3767,18/04/2021
1,56232.3767,18/04/2021
0,56232.3767,18/04/2021
0,56232.3767,18/04/2021
1,56232.3767,18/04/2021
1,56232.3767,18/04/2021
1,56232.3767,18/04/2021
0,56232.3767,18/04/2021
0,56232.3767,18/04/2021
1,56232.3767,18/04/2021
1,56232.3767,18/04/2021
0,56232.3767,18/04/2021
1,56232.3767,18/04/2021
0,56232.3767,18/04/2021
1,56232.3767,18/04/2021
0,56232.3767,18/04/2021
1,56232.3767,18/04/2021
0,56232.3767,18/04/2021
0,56232.3767,18/04/2021
0,56232.3767,18/04/2021
1,56232.3767,18/04/2021
0,56232.3767,18/04/2021
1,56232.3767,18/04/2021
0,56232.3767,18/04/2021
1,56232.3767,18/04/2021
0,56232.3767,18/04/2021
1,56232.3767,18/04/2021
1,56232.3767,18/04/2021
1,56232.3767,18/04/2021
1,56232.3767,18/04/2021
0,60023.5133,17/04/2021
0,60023.5133,17/04/2021
0,60023.5133,17/04/2021
1,60023.5133,17/04/2021
0,60023.5133,17/04/2021
1,60023.5133,17/04/2021
1,34613.67,29/05/2021
0,34613.67,29/05/2021
0,34613.67,29/05/2021
1,34613.67,29/05/2021
0,34613.67,29/05/2021
0,34613.67,29/05/2021
0,34613.67,29/05/2021
0,34613.67,29/05/2021
0,34613.67,29/05/2021
1,34613.67,29/05/2021
0,34613.67,29/05/2021
1,34613.67,29/05/2021
0,34613.67,29/05/2021
1,34613.67,29/05/2021
1,34613.67,29/05/2021
0,34613.67,29/05/2021
1,34613.67,29/05/2021
0,34613.67,29/05/2021
0,34613.67,29/05/2021
0,34613.67,29/05/2021
1,34613.67,29/05/2021
0,34613.67,29/05/2021
0,34613.67,29/05/2021
0,34613.67,29/05/2021
1,34613.67,29/05/2021
-1,34613.67,29/05/2021
1,34613.67,29/05/2021
1,34613.67,29/05/2021
1,34613.67,29/05/2021
0,34613.67,29/05/2021
0,34613.67,29/05/2021
1,34613.67,29/05/2021
1,34613.67,29/05/2021
1,34613.67,29/05/2021
1,34613.67,29/05/2021
0,34613.67,29/05/2021
0,34613.67,29/05/2021
0,34613.67,29/05/2021
0,34613.67,29/05/2021
0,34613.67,29/05/2021
1,34613.67,29/05/2021
0,34613.67,29/05/2021
0,34613.67,29/05/2021
0,34613.67,29/05/2021
1,34613.67,29/05/2021
0,34613.67,29/05/2021
0,34613.67,29/05/2021
0,34613.67,29/05/2021
1,34613.67,29/05/2021
0,34613.67,29/05/2021
0,34613.67,29/05/2021
1,34613.67,29/05/2021
0,34613.67,29/05/2021
0,34613.67,29/05/2021
0,34613.67,29/05/2021
0,34613.67,29/05/2021
-1,34613.67,29/05/2021
1,34613.67,29/05/2021
0,34613.67,29/05/2021
0,34613.67,29/05/2021
1,34613.67,29/05/2021
0,34613.67,29/05/2021
0,34613.67,29/05/2021
0,34613.67,29/05/2021
0,34613.67,29/05/2021
1,34613.67,29/05/2021
0,34613.67,29/05/2021
0,34613.67,29/05/2021
0,34613.67,29/05/2021
1,34613.67,29/05/2021
1,34613.67,29/05/2021
0,34613.67,29/05/2021
0,34613.67,29/05/2021
1,34613.67,29/05/2021
1,34613.67,29/05/2021
-1,34613.67,29/05/2021
1,34613.67,29/05/2021
0,34613.67,29/05/2021
1,34613.67,29/05/2021
0,34613.67,29/05/2021
0,34613.67,29/05/2021
0,34613.67,29/05/2021
0,34613.67,29/05/2021
1,34613.67,29/05/2021
1,34613.67,29/05/2021
0,34613.67,29/05/2021
0,34613.67,29/05/2021
1,34613.67,29/05/2021
0,34613.67,29/05/2021
0,34613.67,29/05/2021
0,34613.67,29/05/2021
0,35678.94,28/05/2021
0,35678.94,28/05/2021
1,35678.94,28/05/2021
0,35678.94,28/05/2021
0,35678.94,28/05/2021
1,35678.94,28/05/2021
0,35678.94,28/05/2021
0,35678.94,28/05/2021
1,35678.94,28/05/2021
1,35678.94,28/05/2021
0,35678.94,28/05/2021
1,35678.94,28/05/2021
1,35678.94,28/05/2021
-1,35678.94,28/05/2021
1,35678.94,28/05/2021
-1,35678.94,28/05/2021
0,35678.94,28/05/2021
0,35678.94,28/05/2021
1,35678.94,28/05/2021
1,35678.94,28/05/2021
0,35678.94,28/05/2021
0,35678.94,28/05/2021
0,35678.94,28/05/2021
1,35678.94,28/05/2021
1,35678.94,28/05/2021
1,35678.94,28/05/2021
1,35678.94,28/05/2021
0,35678.94,28/05/2021
0,35678.94,28/05/2021
1,35678.94,28/05/2021
0,35678.94,28/05/2021
0,35678.94,28/05/2021
1,35678.94,28/05/2021
1,35678.94,28/05/2021
0,35678.94,28/05/2021
1,35678.94,28/05/2021
0,35678.94,28/05/2021
0,35678.94,28/05/2021
1,35678.94,28/05/2021
0,35678.94,28/05/2021
1,35678.94,28/05/2021
1,35678.94,28/05/2021
0,35678.94,28/05/2021
0,35678.94,28/05/2021
0,35678.94,28/05/2021
0,35678.94,28/05/2021
0,35678.94,28/05/2021
1,35678.94,28/05/2021
0,35678.94,28/05/2021
1,35678.94,28/05/2021
1,35678.94,28/05/2021
-1,35678.94,28/05/2021
0,35678.94,28/05/2021
1,35678.94,28/05/2021
1,35678.94,28/05/2021
0,35678.94,28/05/2021
1,35678.94,28/05/2021
0,35678.94,28/05/2021
1,35678.94,28/05/2021
0,35678.94,28/05/2021
1,35678.94,28/05/2021
0,35678.94,28/05/2021
0,35678.94,28/05/2021
0,35678.94,28/05/2021
0,35678.94,28/05/2021
1,35678.94,28/05/2021
1,35678.94,28/05/2021
-1,35678.94,28/05/2021
-1,35678.94,28/05/2021
0,35678.94,28/05/2021
0,35678.94,28/05/2021
0,35678.94,28/05/2021
0,35678.94,28/05/2021
0,35678.94,28/05/2021
0,35678.94,28/05/2021
0,35678.94,28/05/2021
0,35678.94,28/05/2021
0,35678.94,28/05/2021
0,35678.94,28/05/2021
1,35678.94,28/05/2021
0,35678.94,28/05/2021
0,35678.94,28/05/2021
1,35678.94,28/05/2021
0,35678.94,28/05/2021
0,35678.94,28/05/2021
0,35678.94,28/05/2021
-1,35678.94,28/05/2021
1,35678.94,28/05/2021
1,35678.94,28/05/2021
0,35678.94,28/05/2021
0,35678.94,28/05/2021
0,35678.94,28/05/2021
1,35678.94,28/05/2021
0,35678.94,28/05/2021
1,35678.94,28/05/2021
1,35678.94,28/05/2021
0,35678.94,28/05/2021
0,35678.94,28/05/2021
0,35678.94,28/05/2021
-1,35678.94,28/05/2021
0,35678.94,28/05/2021
1,35678.94,28/05/2021
1,35678.94,28/05/2021
0,38534.7717,27/05/2021
0,38534.7717,27/05/2021
0,38534.7717,27/05/2021
0,38534.7717,27/05/2021
1,38534.7717,27/05/2021
1,38534.7717,27/05/2021
0,38534.7717,27/05/2021
0,38534.7717,27/05/2021
1,38534.7717,27/05/2021
0,38534.7717,27/05/2021
0,38534.7717,27/05/2021
0,38534.7717,27/05/2021
1,38534.7717,27/05/2021
1,38534.7717,27/05/2021
0,38534.7717,27/05/2021
0,38534.7717,27/05/2021
0,38534.7717,27/05/2021
1,38534.7717,27/05/2021
0,38534.7717,27/05/2021
0,38534.7717,27/05/2021
1,38534.7717,27/05/2021
-1,38534.7717,27/05/2021
1,38534.7717,27/05/2021
0,38534.7717,27/05/2021
0,38534.7717,27/05/2021
0,38534.7717,27/05/2021
1,38534.7717,27/05/2021
1,38534.7717,27/05/2021
1,38534.7717,27/05/2021
0,38534.7717,27/05/2021
0,38534.7717,27/05/2021
1,38534.7717,27/05/2021
0,38534.7717,27/05/2021
1,38534.7717,27/05/2021
0,38534.7717,27/05/2021
0,38534.7717,27/05/2021
0,38534.7717,27/05/2021
0,38534.7717,27/05/2021
1,38534.7717,27/05/2021
0,38534.7717,27/05/2021
1,38534.7717,27/05/2021
0,38534.7717,27/05/2021
0,38534.7717,27/05/2021
0,38534.7717,27/05/2021
0,38534.7717,27/05/2021
1,38534.7717,27/05/2021
0,38534.7717,27/05/2021
0,38534.7717,27/05/2021
0,38534.7717,27/05/2021
0,38534.7717,27/05/2021
1,38534.7717,27/05/2021
0,38534.7717,27/05/2021
1,38534.7717,27/05/2021
1,38534.7717,27/05/2021
0,38534.7717,27/05/2021
0,38534.7717,27/05/2021
1,38534.7717,27/05/2021
0,38534.7717,27/05/2021
0,38534.7717,27/05/2021
1,38534.7717,27/05/2021
1,38534.7717,27/05/2021
0,38534.7717,27/05/2021
1,38534.7717,27/05/2021
0,38534.7717,27/05/2021
1,38534.7717,27/05/2021
1,38534.7717,27/05/2021
1,38534.7717,27/05/2021
0,38534.7717,27/05/2021
0,38534.7717,27/05/2021
1,38534.7717,27/05/2021
0,38534.7717,27/05/2021
1,38534.7717,27/05/2021
0,38534.7717,27/05/2021
1,38534.7717,27/05/2021
0,38534.7717,27/05/2021
0,38534.7717,27/05/2021
0,38534.7717,27/05/2021
0,38534.7717,27/05/2021
0,38534.7717,27/05/2021
0,38534.7717,27/05/2021
1,38534.7717,27/05/2021
0,38534.7717,27/05/2021
0,38534.7717,27/05/2021
0,38534.7717,27/05/2021
1,38534.7717,27/05/2021
1,38534.7717,27/05/2021
1,38534.7717,27/05/2021
1,38534.7717,27/05/2021
1,39299.3583,26/05/2021
0,39299.3583,26/05/2021
1,39299.3583,26/05/2021
0,39299.3583,26/05/2021
1,39299.3583,26/05/2021
0,39299.3583,26/05/2021
1,39299.3583,26/05/2021
0,39299.3583,26/05/2021
1,39299.3583,26/05/2021
1,39299.3583,26/05/2021
0,39299.3583,26/05/2021
1,39299.3583,26/05/2021
0,39299.3583,26/05/2021
1,39299.3583,26/05/2021
1,39299.3583,26/05/2021
0,39299.3583,26/05/2021
0,39299.3583,26/05/2021
0,39299.3583,26/05/2021
0,39299.3583,26/05/2021
1,39299.3583,26/05/2021
1,39299.3583,26/05/2021
1,39299.3583,26/05/2021
1,39299.3583,26/05/2021
0,39299.3583,26/05/2021
1,39299.3583,26/05/2021
1,39299.3583,26/05/2021
1,39299.3583,26/05/2021
1,39299.3583,26/05/2021
0,39299.3583,26/05/2021
0,39299.3583,26/05/2021
0,39299.3583,26/05/2021
1,39299.3583,26/05/2021
0,39299.3583,26/05/2021
0,39299.3583,26/05/2021
0,39299.3583,26/05/2021
1,39299.3583,26/05/2021
0,39299.3583,26/05/2021
0,39299.3583,26/05/2021
0,39299.3583,26/05/2021
0,39299.3583,26/05/2021
0,39299.3583,26/05/2021
0,39299.3583,26/05/2021
0,39299.3583,26/05/2021
1,39299.3583,26/05/2021
0,39299.3583,26/05/2021
1,39299.3583,26/05/2021
1,39299.3583,26/05/2021
0,39299.3583,26/05/2021
0,39299.3583,26/05/2021
1,39299.3583,26/05/2021
0,39299.3583,26/05/2021
0,39299.3583,26/05/2021
1,39299.3583,26/05/2021
1,39299.3583,26/05/2021
0,39299.3583,26/05/2021
0,39299.3583,26/05/2021
1,39299.3583,26/05/2021
0,39299.3583,26/05/2021
0,39299.3583,26/05/2021
0,39299.3583,26/05/2021
1,39299.3583,26/05/2021
0,39299.3583,26/05/2021
0,39299.3583,26/05/2021
1,39299.3583,26/05/2021
0,39299.3583,26/05/2021
0,39299.3583,26/05/2021
1,39299.3583,26/05/2021
0,39299.3583,26/05/2021
0,39299.3583,26/05/2021
0,39299.3583,26/05/2021
0,39299.3583,26/05/2021
1,39299.3583,26/05/2021
0,39299.3583,26/05/2021
0,39299.3583,26/05/2021
0,39299.3583,26/05/2021
0,39299.3583,26/05/2021
0,39299.3583,26/05/2021
1,39299.3583,26/05/2021
0,39299.3583,26/05/2021
0,39299.3583,26/05/2021
1,39299.3583,26/05/2021
1,39299.3583,26/05/2021
0,39299.3583,26/05/2021
1,39299.3583,26/05/2021
0,39299.3583,26/05/2021
-1,39299.3583,26/05/2021
1,39299.3583,26/05/2021
1,39299.3583,26/05/2021
0,39299.3583,26/05/2021
1,39299.3583,26/05/2021
1,39299.3583,26/05/2021
0,39299.3583,26/05/2021
1,39299.3583,26/05/2021
0,39299.3583,26/05/2021
0,39299.3583,26/05/2021
0,39299.3583,26/05/2021
1,39299.3583,26/05/2021
0,39299.3583,26/05/2021
0,38378.96,25/05/2021
1,38378.96,25/05/2021
0,38378.96,25/05/2021
0,38378.96,25/05/2021
0,38378.96,25/05/2021
-1,38378.96,25/05/2021
1,38378.96,25/05/2021
0,38378.96,25/05/2021
1,38378.96,25/05/2021
0,38378.96,25/05/2021
0,38378.96,25/05/2021
1,38378.96,25/05/2021
1,38378.96,25/05/2021
0,38378.96,25/05/2021
1,38378.96,25/05/2021
1,38378.96,25/05/2021
1,38378.96,25/05/2021
0,38378.96,25/05/2021
1,38378.96,25/05/2021
0,38378.96,25/05/2021
0,38378.96,25/05/2021
0,38378.96,25/05/2021
0,38378.96,25/05/2021
0,38378.96,25/05/2021
1,38378.96,25/05/2021
1,38378.96,25/05/2021
1,38378.96,25/05/2021
0,38378.96,25/05/2021
1,38378.96,25/05/2021
0,38378.96,25/05/2021
0,38378.96,25/05/2021
0,38378.96,25/05/2021
0,38378.96,25/05/2021
1,38378.96,25/05/2021
0,38378.96,25/05/2021
1,38378.96,25/05/2021
1,38378.96,25/05/2021
0,38378.96,25/05/2021
0,38378.96,25/05/2021
0,38378.96,25/05/2021
1,38378.96,25/05/2021
1,38378.96,25/05/2021
0,38378.96,25/05/2021
1,38378.96,25/05/2021
1,38378.96,25/05/2021
0,38378.96,25/05/2021
0,38378.96,25/05/2021
0,38378.96,25/05/2021
1,38378.96,25/05/2021
1,38378.96,25/05/2021
0,38378.96,25/05/2021
1,38378.96,25/05/2021
0,38378.96,25/05/2021
0,38378.96,25/05/2021
0,38378.96,25/05/2021
1,38378.96,25/05/2021
