1,10/02/2021,20210210,44855.6167
1,10/02/2021,20210210,44855.6167
0,10/02/2021,20210210,44855.6167
0,10/02/2021,20210210,44855.6167
1,10/02/2021,20210210,44855.6167
-1,10/02/2021,20210210,44855.6167
1,10/02/2021,20210210,44855.6167
0,10/02/2021,20210210,44855.6167
0,10/02/2021,20210210,44855.6167
1,10/02/2021,20210210,44855.6167
0,10/02/2021,20210210,44855.6167
0,10/02/2021,20210210,44855.6167
0,10/02/2021,20210210,44855.6167
0,10/02/2021,20210210,44855.6167
1,10/02/2021,20210210,44855.6167
0,10/02/2021,20210210,44855.6167
1,10/02/2021,20210210,44855.6167
1,10/02/2021,20210210,44855.6167
0,10/02/2021,20210210,44855.6167
0,10/02/2021,20210210,44855.6167
0,10/02/2021,20210210,44855.6167
1,10/02/2021,20210210,44855.6167
1,10/02/2021,20210210,44855.6167
0,10/02/2021,20210210,44855.6167
0,10/02/2021,20210210,44855.6167
0,10/02/2021,20210210,44855.6167
1,10/02/2021,20210210,44855.6167
0,10/02/2021,20210210,44855.6167
0,10/02/2021,20210210,44855.6167
1,10/02/2021,20210210,44855.6167
0,10/02/2021,20210210,44855.6167
0,10/02/2021,20210210,44855.6167
0,10/02/2021,20210210,44855.6167
-1,10/02/2021,20210210,44855.6167
1,10/02/2021,20210210,44855.6167
1,10/02/2021,20210210,44855.6167
0,10/02/2021,20210210,44855.6167
1,10/02/2021,20210210,44855.6167
1,10/02/2021,20210210,44855.6167
1,10/02/2021,20210210,44855.6167
1,10/02/2021,20210210,44855.6167
0,10/02/2021,20210210,44855.6167
0,10/02/2021,20210210,44855.6167
0,10/02/2021,20210210,44855.6167
1,10/02/2021,20210210,44855.6167
1,10/02/2021,20210210,44855.6167
1,10/02/2021,20210210,44855.6167
1,10/02/2021,20210210,44855.6167
1,10/02/2021,20210210,44855.6167
0,10/02/2021,20210210,44855.6167
0,10/02/2021,20210210,44855.6167
0,10/02/2021,20210210,44855.6167
0,10/02/2021,20210210,44855.6167
0,10/02/2021,20210210,44855.6167
0,10/02/2021,20210210,44855.6167
0,10/02/2021,20210210,44855.6167
1,10/02/2021,20210210,44855.6167
0,10/02/2021,20210210,44855.6167
0,10/02/2021,20210210,44855.6167
1,10/02/2021,20210210,44855.6167
0,10/02/2021,20210210,44855.6167
0,10/02/2021,20210210,44855.6167
0,10/02/2021,20210210,44855.6167
1,10/02/2021,20210210,44855.6167
0,10/02/2021,20210210,44855.6167
1,10/02/2021,20210210,44855.6167
1,09/02/2021,20210209,46502.2933
1,09/02/2021,20210209,46502.2933
0,09/02/2021,20210209,46502.2933
0,09/02/2021,20210209,46502.2933
0,09/02/2021,20210209,46502.2933
-1,09/02/2021,20210209,46502.2933
1,09/02/2021,20210209,46502.2933
0,09/02/2021,20210209,46502.2933
1,09/02/2021,20210209,46502.2933
1,09/02/2021,20210209,46502.2933
0,09/02/2021,20210209,46502.2933
1,09/02/2021,20210209,46502.2933
0,09/02/2021,20210209,46502.2933
1,09/02/2021,20210209,46502.2933
0,09/02/2021,20210209,46502.2933
0,09/02/2021,20210209,46502.2933
0,09/02/2021,20210209,46502.2933
1,09/02/2021,20210209,46502.2933
0,09/02/2021,20210209,46502.2933
0,09/02/2021,20210209,46502.2933
0,09/02/2021,20210209,46502.2933
1,09/02/2021,20210209,46502.2933
1,09/02/2021,20210209,46502.2933
0,09/02/2021,20210209,46502.2933
0,09/02/2021,20210209,46502.2933
1,09/02/2021,20210209,46502.2933
-1,09/02/2021,20210209,46502.2933
-1,09/02/2021,20210209,46502.2933
1,09/02/2021,20210209,46502.2933
0,09/02/2021,20210209,46502.2933
1,09/02/2021,20210209,46502.2933
-1,09/02/2021,20210209,46502.2933
1,09/02/2021,20210209,46502.2933
0,09/02/2021,20210209,46502.2933
0,09/02/2021,20210209,46502.2933
1,09/02/2021,20210209,46502.2933
0,09/02/2021,20210209,46502.2933
0,09/02/2021,20210209,46502.2933
1,09/02/2021,20210209,46502.2933
0,09/02/2021,20210209,46502.2933
0,09/02/2021,20210209,46502.2933
0,09/02/2021,20210209,46502.2933
1,09/02/2021,20210209,46502.2933
0,09/02/2021,20210209,46502.2933
0,09/02/2021,20210209,46502.2933
0,09/02/2021,20210209,46502.2933
0,09/02/2021,20210209,46502.2933
0,09/02/2021,20210209,46502.2933
1,09/02/2021,20210209,46502.2933
1,09/02/2021,20210209,46502.2933
0,09/02/2021,20210209,46502.2933
1,09/02/2021,20210209,46502.2933
0,09/02/2021,20210209,46502.2933
1,09/02/2021,20210209,46502.2933
1,09/02/2021,20210209,46502.2933
1,09/02/2021,20210209,46502.2933
1,09/02/2021,20210209,46502.2933
0,09/02/2021,20210209,46502.2933
0,09/02/2021,20210209,46502.2933
1,09/02/2021,20210209,46502.2933
1,09/02/2021,20210209,46502.2933
1,09/02/2021,20210209,46502.2933
0,09/02/2021,20210209,46502.2933
0,09/02/2021,20210209,46502.2933
0,09/02/2021,20210209,46502.2933
0,09/02/2021,20210209,46502.2933
1,09/02/2021,20210209,46502.2933
0,09/02/2021,20210209,46502.2933
0,09/02/2021,20210209,46502.2933
0,09/02/2021,20210209,46502.2933
0,09/02/2021,20210209,46502.2933
0,09/02/2021,20210209,46502.2933
0,09/02/2021,20210209,46502.2933
1,09/02/2021,20210209,46502.2933
0,09/02/2021,20210209,46502.2933
1,09/02/2021,20210209,46502.2933
1,09/02/2021,20210209,46502.2933
1,09/02/2021,20210209,46502.2933
1,09/02/2021,20210209,46502.2933
0,09/02/2021,20210209,46502.2933
0,09/02/2021,20210209,46502.2933
0,09/02/2021,20210209,46502.2933
1,09/02/2021,20210209,46502.2933
0,09/02/2021,20210209,46502.2933
0,09/02/2021,20210209,46502.2933
0,09/02/2021,20210209,46502.2933
0,09/02/2021,20210209,46502.2933
1,08/02/2021,20210208,46436.09
1,08/02/2021,20210208,46436.09
0,08/02/2021,20210208,46436.09
1,08/02/2021,20210208,46436.09
1,08/02/2021,20210208,46436.09
-1,08/02/2021,20210208,46436.09
1,08/02/2021,20210208,46436.09
0,08/02/2021,20210208,46436.09
1,08/02/2021,20210208,46436.09
1,08/02/2021,20210208,46436.09
0,08/02/2021,20210208,46436.09
1,08/02/2021,20210208,46436.09
0,08/02/2021,20210208,46436.09
1,08/02/2021,20210208,46436.09
0,08/02/2021,20210208,46436.09
1,08/02/2021,20210208,46436.09
0,08/02/2021,20210208,46436.09
0,08/02/2021,20210208,46436.09
0,08/02/2021,20210208,46436.09
1,08/02/2021,20210208,46436.09
1,08/02/2021,20210208,46436.09
0,08/02/2021,20210208,46436.09
1,08/02/2021,20210208,46436.09
1,08/02/2021,20210208,46436.09
1,08/02/2021,20210208,46436.09
0,08/02/2021,20210208,46436.09
0,08/02/2021,20210208,46436.09
0,08/02/2021,20210208,46436.09
0,08/02/2021,20210208,46436.09
0,08/02/2021,20210208,46436.09
0,08/02/2021,20210208,46436.09
0,08/02/2021,20210208,46436.09
-1,08/02/2021,20210208,46436.09
1,08/02/2021,20210208,46436.09
1,08/02/2021,20210208,46436.09
0,08/02/2021,20210208,46436.09
0,08/02/2021,20210208,46436.09
1,08/02/2021,20210208,46436.09
1,08/02/2021,20210208,46436.09
1,08/02/2021,20210208,46436.09
0,08/02/2021,20210208,46436.09
0,08/02/2021,20210208,46436.09
0,08/02/2021,20210208,46436.09
1,08/02/2021,20210208,46436.09
1,08/02/2021,20210208,46436.09
1,08/02/2021,20210208,46436.09
0,08/02/2021,20210208,46436.09
1,08/02/2021,20210208,46436.09
1,08/02/2021,20210208,46436.09
0,08/02/2021,20210208,46436.09
1,08/02/2021,20210208,46436.09
0,08/02/2021,20210208,46436.09
0,08/02/2021,20210208,46436.09
0,08/02/2021,20210208,46436.09
0,08/02/2021,20210208,46436.09
0,08/02/2021,20210208,46436.09
-1,08/02/2021,20210208,46436.09
0,08/02/2021,20210208,46436.09
0,08/02/2021,20210208,46436.09
1,08/02/2021,20210208,46436.09
0,08/02/2021,20210208,46436.09
0,08/02/2021,20210208,46436.09
0,08/02/2021,20210208,46436.09
0,08/02/2021,20210208,46436.09
1,08/02/2021,20210208,46436.09
1,08/02/2021,20210208,46436.09
0,08/02/2021,20210208,46436.09
0,08/02/2021,20210208,46436.09
1,08/02/2021,20210208,46436.09
1,08/02/2021,20210208,46436.09
1,08/02/2021,20210208,46436.09
0,08/02/2021,20210208,46436.09
0,08/02/2021,20210208,46436.09
0,08/02/2021,20210208,46436.09
0,08/02/2021,20210208,46436.09
1,08/02/2021,20210208,46436.09
0,08/02/2021,20210208,46436.09
0,08/02/2021,20210208,46436.09
1,08/02/2021,20210208,46436.09
0,08/02/2021,20210208,46436.09
0,08/02/2021,20210208,46436.09
1,08/02/2021,20210208,46436.09
1,08/02/2021,20210208,46436.09
0,08/02/2021,20210208,46436.09
1,08/02/2021,20210208,46436.09
1,08/02/2021,20210208,46436.09
0,08/02/2021,20210208,46436.09
0,08/02/2021,20210208,46436.09
0,08/02/2021,20210208,46436.09
1,08/02/2021,20210208,46436.09
0,08/02/2021,20210208,46436.09
0,08/02/2021,20210208,46436.09
1,08/02/2021,20210208,46436.09
0,08/02/2021,20210208,46436.09
1,08/02/2021,20210208,46436.09
-1,08/02/2021,20210208,46436.09
1,08/02/2021,20210208,46436.09
0,08/02/2021,20210208,46436.09
0,08/02/2021,20210208,46436.09
0,08/02/2021,20210208,46436.09
0,08/02/2021,20210208,46436.09
0,08/02/2021,20210208,46436.09
0,08/02/2021,20210208,46436.09
1,08/02/2021,20210208,46436.09
0,08/02/2021,20210208,46436.09
0,08/02/2021,20210208,46436.09
0,08/02/2021,20210208,46436.09
1,08/02/2021,20210208,46436.09
0,08/02/2021,20210208,46436.09
0,08/02/2021,20210208,46436.09
0,08/02/2021,20210208,46436.09
1,07/02/2021,20210207,38862.35
0,07/02/2021,20210207,38862.35
0,07/02/2021,20210207,38862.35
0,07/02/2021,20210207,38862.35
0,07/02/2021,20210207,38862.35
0,07/02/2021,20210207,38862.35
0,07/02/2021,20210207,38862.35
1,07/02/2021,20210207,38862.35
1,07/02/2021,20210207,38862.35
0,07/02/2021,20210207,38862.35
0,07/02/2021,20210207,38862.35
0,07/02/2021,20210207,38862.35
1,07/02/2021,20210207,38862.35
1,07/02/2021,20210207,38862.35
0,07/02/2021,20210207,38862.35
0,07/02/2021,20210207,38862.35
1,07/02/2021,20210207,38862.35
0,07/02/2021,20210207,38862.35
1,07/02/2021,20210207,38862.35
0,07/02/2021,20210207,38862.35
0,07/02/2021,20210207,38862.35
0,07/02/2021,20210207,38862.35
0,07/02/2021,20210207,38862.35
1,07/02/2021,20210207,38862.35
0,07/02/2021,20210207,38862.35
0,07/02/2021,20210207,38862.35
0,07/02/2021,20210207,38862.35
0,07/02/2021,20210207,38862.35
0,07/02/2021,20210207,38862.35
0,07/02/2021,20210207,38862.35
1,07/02/2021,20210207,38862.35
0,07/02/2021,20210207,38862.35
0,07/02/2021,20210207,38862.35
0,07/02/2021,20210207,38862.35
0,07/02/2021,20210207,38862.35
0,07/02/2021,20210207,38862.35
0,07/02/2021,20210207,38862.35
0,07/02/2021,20210207,38862.35
0,07/02/2021,20210207,38862.35
0,07/02/2021,20210207,38862.35
-1,07/02/2021,20210207,38862.35
1,07/02/2021,20210207,38862.35
0,07/02/2021,20210207,38862.35
0,07/02/2021,20210207,38862.35
0,07/02/2021,20210207,38862.35
0,07/02/2021,20210207,38862.35
0,07/02/2021,20210207,38862.35
1,07/02/2021,20210207,38862.35
0,07/02/2021,20210207,38862.35
1,07/02/2021,20210207,38862.35
0,07/02/2021,20210207,38862.35
0,07/02/2021,20210207,38862.35
1,07/02/2021,20210207,38862.35
1,07/02/2021,20210207,38862.35
1,07/02/2021,20210207,38862.35
0,07/02/2021,20210207,38862.35
0,07/02/2021,20210207,38862.35
1,07/02/2021,20210207,38862.35
0,07/02/2021,20210207,38862.35
0,07/02/2021,20210207,38862.35
-1,07/02/2021,20210207,38862.35
1,06/02/2021,20210206,39269.3417
0,06/02/2021,20210206,39269.3417
1,06/02/2021,20210206,39269.3417
0,06/02/2021,20210206,39269.3417
0,06/02/2021,20210206,39269.3417
0,06/02/2021,20210206,39269.3417
0,06/02/2021,20210206,39269.3417
1,06/02/2021,20210206,39269.3417
0,06/02/2021,20210206,39269.3417
0,06/02/2021,20210206,39269.3417
0,06/02/2021,20210206,39269.3417
1,06/02/2021,20210206,39269.3417
1,06/02/2021,20210206,39269.3417
0,06/02/2021,20210206,39269.3417
0,06/02/2021,20210206,39269.3417
0,06/02/2021,20210206,39269.3417
0,06/02/2021,20210206,39269.3417
1,06/02/2021,20210206,39269.3417
1,06/02/2021,20210206,39269.3417
0,06/02/2021,20210206,39269.3417
1,06/02/2021,20210206,39269.3417
1,06/02/2021,20210206,39269.3417
1,06/02/2021,20210206,39269.3417
1,06/02/2021,20210206,39269.3417
1,06/02/2021,20210206,39269.3417
-1,06/02/2021,20210206,39269.3417
0,06/02/2021,20210206,39269.3417
1,06/02/2021,20210206,39269.3417
0,06/02/2021,20210206,39269.3417
1,06/02/2021,20210206,39269.3417
-1,06/02/2021,20210206,39269.3417
1,06/02/2021,20210206,39269.3417
0,06/02/2021,20210206,39269.3417
1,06/02/2021,20210206,39269.3417
1,06/02/2021,20210206,39269.3417
0,06/02/2021,20210206,39269.3417
1,06/02/2021,20210206,39269.3417
0,06/02/2021,20210206,39269.3417
1,06/02/2021,20210206,39269.3417
1,06/02/2021,20210206,39269.3417
1,06/02/2021,20210206,39269.3417
1,06/02/2021,20210206,39269.3417
0,06/02/2021,20210206,39269.3417
0,06/02/2021,20210206,39269.3417
1,06/02/2021,20210206,39269.3417
1,06/02/2021,20210206,39269.3417
1,06/02/2021,20210206,39269.3417
1,06/02/2021,20210206,39269.3417
0,06/02/2021,20210206,39269.3417
1,06/02/2021,20210206,39269.3417
1,06/02/2021,20210206,39269.3417
1,06/02/2021,20210206,39269.3417
1,06/02/2021,20210206,39269.3417
0,06/02/2021,20210206,39269.3417
0,06/02/2021,20210206,39269.3417
0,06/02/2021,20210206,39269.3417
0,06/02/2021,20210206,39269.3417
0,06/02/2021,20210206,39269.3417
0,06/02/2021,20210206,39269.3417
1,06/02/2021,20210206,39269.3417
1,06/02/2021,20210206,39269.3417
0,06/02/2021,20210206,39269.3417
1,06/02/2021,20210206,39269.3417
1,06/02/2021,20210206,39269.3417
1,05/02/2021,20210205,38306.2467
1,05/02/2021,20210205,38306.2467
0,05/02/2021,20210205,38306.2467
0,05/02/2021,20210205,38306.2467
0,05/02/2021,20210205,38306.2467
1,05/02/2021,20210205,38306.2467
1,05/02/2021,20210205,38306.2467
0,05/02/2021,20210205,38306.2467
1,05/02/2021,20210205,38306.2467
0,05/02/2021,20210205,38306.2467
0,05/02/2021,20210205,38306.2467
1,05/02/2021,20210205,38306.2467
1,05/02/2021,20210205,38306.2467
0,05/02/2021,20210205,38306.2467
0,05/02/2021,20210205,38306.2467
1,05/02/2021,20210205,38306.2467
0,05/02/2021,20210205,38306.2467
1,05/02/2021,20210205,38306.2467
0,05/02/2021,20210205,38306.2467
0,05/02/2021,20210205,38306.2467
0,05/02/2021,20210205,38306.2467
1,05/02/2021,20210205,38306.2467
0,05/02/2021,20210205,38306.2467
0,05/02/2021,20210205,38306.2467
1,05/02/2021,20210205,38306.2467
1,05/02/2021,20210205,38306.2467
1,05/02/2021,20210205,38306.2467
1,05/02/2021,20210205,38306.2467
0,05/02/2021,20210205,38306.2467
1,05/02/2021,20210205,38306.2467
0,05/02/2021,20210205,38306.2467
1,05/02/2021,20210205,38306.2467
1,05/02/2021,20210205,38306.2467
0,05/02/2021,20210205,38306.2467
-1,15/02/2021,20210215,47934.1267
1,15/02/2021,20210215,47934.1267
0,15/02/2021,20210215,47934.1267
1,15/02/2021,20210215,47934.1267
0,15/02/2021,20210215,47934.1267
0,15/02/2021,20210215,47934.1267
0,15/02/2021,20210215,47934.1267
0,15/02/2021,20210215,47934.1267
1,15/02/2021,20210215,47934.1267
0,15/02/2021,20210215,47934.1267
0,15/02/2021,20210215,47934.1267
1,15/02/2021,20210215,47934.1267
0,15/02/2021,20210215,47934.1267
1,15/02/2021,20210215,47934.1267
0,15/02/2021,20210215,47934.1267
1,15/02/2021,20210215,47934.1267
1,15/02/2021,20210215,47934.1267
0,15/02/2021,20210215,47934.1267
1,15/02/2021,20210215,47934.1267
0,15/02/2021,20210215,47934.1267
0,15/02/2021,20210215,47934.1267
0,15/02/2021,20210215,47934.1267
0,15/02/2021,20210215,47934.1267
0,15/02/2021,20210215,47934.1267
0,15/02/2021,20210215,47934.1267
1,15/02/2021,20210215,47934.1267
1,15/02/2021,20210215,47934.1267
0,15/02/2021,20210215,47934.1267
0,15/02/2021,20210215,47934.1267
0,15/02/2021,20210215,47934.1267
0,15/02/2021,20210215,47934.1267
0,15/02/2021,20210215,47934.1267
1,15/02/2021,20210215,47934.1267
1,15/02/2021,20210215,47934.1267
1,15/02/2021,20210215,47934.1267
0,15/02/2021,20210215,47934.1267
0,15/02/2021,20210215,47934.1267
0,15/02/2021,20210215,47934.1267
1,15/02/2021,20210215,47934.1267
0,15/02/2021,20210215,47934.1267
0,15/02/2021,20210215,47934.1267
0,15/02/2021,20210215,47934.1267
0,15/02/2021,20210215,47934.1267
0,15/02/2021,20210215,47934.1267
1,15/02/2021,20210215,47934.1267
0,15/02/2021,20210215,47934.1267
0,15/02/2021,20210215,47934.1267
0,15/02/2021,20210215,47934.1267
0,15/02/2021,20210215,47934.1267
0,15/02/2021,20210215,47934.1267
0,15/02/2021,20210215,47934.1267
0,15/02/2021,20210215,47934.1267
1,15/02/2021,20210215,47934.1267
0,15/02/2021,20210215,47934.1267
1,15/02/2021,20210215,47934.1267
0,15/02/2021,20210215,47934.1267
0,15/02/2021,20210215,47934.1267
0,15/02/2021,20210215,47934.1267
0,15/02/2021,20210215,47934.1267
0,15/02/2021,20210215,47934.1267
0,15/02/2021,20210215,47934.1267
0,15/02/2021,20210215,47934.1267
0,15/02/2021,20210215,47934.1267
1,15/02/2021,20210215,47934.1267
0,15/02/2021,20210215,47934.1267
1,15/02/2021,20210215,47934.1267
-1,15/02/2021,20210215,47934.1267
0,15/02/2021,20210215,47934.1267
1,15/02/2021,20210215,47934.1267
1,15/02/2021,20210215,47934.1267
0,15/02/2021,20210215,47934.1267
1,15/02/2021,20210215,47934.1267
0,15/02/2021,20210215,47934.1267
0,15/02/2021,20210215,47934.1267
0,15/02/2021,20210215,47934.1267
0,15/02/2021,20210215,47934.1267
1,15/02/2021,20210215,47934.1267
0,15/02/2021,20210215,47934.1267
0,15/02/2021,20210215,47934.1267
0,15/02/2021,20210215,47934.1267
0,15/02/2021,20210215,47934.1267
0,15/02/2021,20210215,47934.1267
1,15/02/2021,20210215,47934.1267
0,15/02/2021,20210215,47934.1267
0,15/02/2021,20210215,47934.1267
0,15/02/2021,20210215,47934.1267
1,15/02/2021,20210215,47934.1267
0,15/02/2021,20210215,47934.1267
0,15/02/2021,20210215,47934.1267
0,15/02/2021,20210215,47934.1267
0,15/02/2021,20210215,47934.1267
0,15/02/2021,20210215,47934.1267
0,14/02/2021,20210214,48633.26
0,14/02/2021,20210214,48633.26
1,14/02/2021,20210214,48633.26
0,14/02/2021,20210214,48633.26
0,14/02/2021,20210214,48633.26
0,14/02/2021,20210214,48633.26
0,14/02/2021,20210214,48633.26
1,14/02/2021,20210214,48633.26
0,14/02/2021,20210214,48633.26
0,14/02/2021,20210214,48633.26
1,14/02/2021,20210214,48633.26
-1,14/02/2021,20210214,48633.26
0,14/02/2021,20210214,48633.26
1,14/02/2021,20210214,48633.26
0,14/02/2021,20210214,48633.26
0,14/02/2021,20210214,48633.26
1,14/02/2021,20210214,48633.26
1,14/02/2021,20210214,48633.26
1,14/02/2021,20210214,48633.26
1,14/02/2021,20210214,48633.26
0,14/02/2021,20210214,48633.26
1,14/02/2021,20210214,48633.26
1,14/02/2021,20210214,48633.26
0,14/02/2021,20210214,48633.26
0,14/02/2021,20210214,48633.26
1,14/02/2021,20210214,48633.26
0,14/02/2021,20210214,48633.26
0,14/02/2021,20210214,48633.26
0,14/02/2021,20210214,48633.26
0,14/02/2021,20210214,48633.26
0,14/02/2021,20210214,48633.26
0,14/02/2021,20210214,48633.26
-1,14/02/2021,20210214,48633.26
0,14/02/2021,20210214,48633.26
0,14/02/2021,20210214,48633.26
0,14/02/2021,20210214,48633.26
0,14/02/2021,20210214,48633.26
1,14/02/2021,20210214,48633.26
0,14/02/2021,20210214,48633.26
-1,14/02/2021,20210214,48633.26
0,14/02/2021,20210214,48633.26
0,14/02/2021,20210214,48633.26
1,14/02/2021,20210214,48633.26
0,14/02/2021,20210214,48633.26
0,14/02/2021,20210214,48633.26
1,14/02/2021,20210214,48633.26
0,14/02/2021,20210214,48633.26
0,14/02/2021,20210214,48633.26
1,14/02/2021,20210214,48633.26
0,14/02/2021,20210214,48633.26
1,14/02/2021,20210214,48633.26
1,14/02/2021,20210214,48633.26
0,14/02/2021,20210214,48633.26
0,14/02/2021,20210214,48633.26
-1,14/02/2021,20210214,48633.26
0,14/02/2021,20210214,48633.26
0,14/02/2021,20210214,48633.26
-1,14/02/2021,20210214,48633.26
0,14/02/2021,20210214,48633.26
1,14/02/2021,20210214,48633.26
1,14/02/2021,20210214,48633.26
0,14/02/2021,20210214,48633.26
1,14/02/2021,20210214,48633.26
0,14/02/2021,20210214,48633.26
-1,14/02/2021,20210214,48633.26
1,14/02/2021,20210214,48633.26
1,14/02/2021,20210214,48633.26
0,14/02/2021,20210214,48633.26
0,14/02/2021,20210214,48633.26
1,14/02/2021,20210214,48633.26
1,14/02/2021,20210214,48633.26
-1,14/02/2021,20210214,48633.26
0,14/02/2021,20210214,48633.26
0,14/02/2021,20210214,48633.26
0,14/02/2021,20210214,48633.26
0,14/02/2021,20210214,48633.26
0,14/02/2021,20210214,48633.26
0,14/02/2021,20210214,48633.26
0,14/02/2021,20210214,48633.26
0,14/02/2021,20210214,48633.26
0,13/02/2021,20210213,47211.6683
0,13/02/2021,20210213,47211.6683
0,13/02/2021,20210213,47211.6683
0,13/02/2021,20210213,47211.6683
-1,13/02/2021,20210213,47211.6683
0,13/02/2021,20210213,47211.6683
0,13/02/2021,20210213,47211.6683
0,13/02/2021,20210213,47211.6683
0,13/02/2021,20210213,47211.6683
1,13/02/2021,20210213,47211.6683
1,13/02/2021,20210213,47211.6683
0,13/02/2021,20210213,47211.6683
0,13/02/2021,20210213,47211.6683
0,13/02/2021,20210213,47211.6683
1,13/02/2021,20210213,47211.6683
1,13/02/2021,20210213,47211.6683
0,13/02/2021,20210213,47211.6683
0,13/02/2021,20210213,47211.6683
1,13/02/2021,20210213,47211.6683
1,13/02/2021,20210213,47211.6683
1,13/02/2021,20210213,47211.6683
0,13/02/2021,20210213,47211.6683
1,13/02/2021,20210213,47211.6683
0,13/02/2021,20210213,47211.6683
1,13/02/2021,20210213,47211.6683
1,13/02/2021,20210213,47211.6683
0,13/02/2021,20210213,47211.6683
-1,13/02/2021,20210213,47211.6683
0,13/02/2021,20210213,47211.6683
0,13/02/2021,20210213,47211.6683
0,13/02/2021,20210213,47211.6683
-1,13/02/2021,20210213,47211.6683
1,13/02/2021,20210213,47211.6683
1,13/02/2021,20210213,47211.6683
0,13/02/2021,20210213,47211.6683
0,13/02/2021,20210213,47211.6683
1,13/02/2021,20210213,47211.6683
0,13/02/2021,20210213,47211.6683
1,13/02/2021,20210213,47211.6683
1,13/02/2021,20210213,47211.6683
1,13/02/2021,20210213,47211.6683
-1,13/02/2021,20210213,47211.6683
1,13/02/2021,20210213,47211.6683
1,13/02/2021,20210213,47211.6683
1,13/02/2021,20210213,47211.6683
1,19/02/2021,20210219,55923.13
0,19/02/2021,20210219,55923.13
0,19/02/2021,20210219,55923.13
0,19/02/2021,20210219,55923.13
1,19/02/2021,20210219,55923.13
1,19/02/2021,20210219,55923.13
0,19/02/2021,20210219,55923.13
1,19/02/2021,20210219,55923.13
0,19/02/2021,20210219,55923.13
1,19/02/2021,20210219,55923.13
0,19/02/2021,20210219,55923.13
0,19/02/2021,20210219,55923.13
0,19/02/2021,20210219,55923.13
0,19/02/2021,20210219,55923.13
0,19/02/2021,20210219,55923.13
0,19/02/2021,20210219,55923.13
1,19/02/2021,20210219,55923.13
1,19/02/2021,20210219,55923.13
0,19/02/2021,20210219,55923.13
-1,19/02/2021,20210219,55923.13
1,19/02/2021,20210219,55923.13
1,19/02/2021,20210219,55923.13
0,19/02/2021,20210219,55923.13
0,19/02/2021,20210219,55923.13
1,19/02/2021,20210219,55923.13
0,19/02/2021,20210219,55923.13
1,19/02/2021,20210219,55923.13
0,19/02/2021,20210219,55923.13
1,19/02/2021,20210219,55923.13
1,19/02/2021,20210219,55923.13
1,19/02/2021,20210219,55923.13
1,19/02/2021,20210219,55923.13
1,19/02/2021,20210219,55923.13
0,19/02/2021,20210219,55923.13
0,19/02/2021,20210219,55923.13
-1,19/02/2021,20210219,55923.13
1,19/02/2021,20210219,55923.13
0,19/02/2021,20210219,55923.13
1,19/02/2021,20210219,55923.13
0,19/02/2021,20210219,55923.13
1,19/02/2021,20210219,55923.13
1,19/02/2021,20210219,55923.13
1,19/02/2021,20210219,55923.13
1,19/02/2021,20210219,55923.13
1,19/02/2021,20210219,55923.13
1,19/02/2021,20210219,55923.13
0,19/02/2021,20210219,55923.13
0,19/02/2021,20210219,55923.13
1,19/02/2021,20210219,55923.13
1,19/02/2021,20210219,55923.13
1,19/02/2021,20210219,55923.13
0,19/02/2021,20210219,55923.13
1,19/02/2021,20210219,55923.13
1,19/02/2021,20210219,55923.13
0,19/02/2021,20210219,55923.13
1,19/02/2021,20210219,55923.13
1,19/02/2021,20210219,55923.13
1,19/02/2021,20210219,55923.13
0,19/02/2021,20210219,55923.13
1,19/02/2021,20210219,55923.13
1,19/02/2021,20210219,55923.13
0,19/02/2021,20210219,55923.13
0,19/02/2021,20210219,55923.13
0,19/02/2021,20210219,55923.13
0,19/02/2021,20210219,55923.13
0,19/02/2021,20210219,55923.13
0,19/02/2021,20210219,55923.13
1,19/02/2021,20210219,55923.13
0,19/02/2021,20210219,55923.13
0,19/02/2021,20210219,55923.13
1,19/02/2021,20210219,55923.13
0,19/02/2021,20210219,55923.13
0,19/02/2021,20210219,55923.13
0,19/02/2021,20210219,55923.13
-1,19/02/2021,20210219,55923.13
1,19/02/2021,20210219,55923.13
0,19/02/2021,20210219,55923.13
0,19/02/2021,20210219,55923.13
0,19/02/2021,20210219,55923.13
0,19/02/2021,20210219,55923.13
1,19/02/2021,20210219,55923.13
0,19/02/2021,20210219,55923.13
0,19/02/2021,20210219,55923.13
0,19/02/2021,20210219,55923.13
0,19/02/2021,20210219,55923.13
0,19/02/2021,20210219,55923.13
0,19/02/2021,20210219,55923.13
1,18/02/2021,20210218,51573.4067
0,18/02/2021,20210218,51573.4067
1,18/02/2021,20210218,51573.4067
0,18/02/2021,20210218,51573.4067
0,18/02/2021,20210218,51573.4067
1,18/02/2021,20210218,51573.4067
1,18/02/2021,20210218,51573.4067
1,18/02/2021,20210218,51573.4067
-1,18/02/2021,20210218,51573.4067
0,18/02/2021,20210218,51573.4067
0,18/02/2021,20210218,51573.4067
0,18/02/2021,20210218,51573.4067
0,18/02/2021,20210218,51573.4067
1,18/02/2021,20210218,51573.4067
0,18/02/2021,20210218,51573.4067
0,18/02/2021,20210218,51573.4067
1,18/02/2021,20210218,51573.4067
0,18/02/2021,20210218,51573.4067
1,18/02/2021,20210218,51573.4067
-1,18/02/2021,20210218,51573.4067
0,18/02/2021,20210218,51573.4067
0,18/02/2021,20210218,51573.4067
0,18/02/2021,20210218,51573.4067
1,18/02/2021,20210218,51573.4067
1,18/02/2021,20210218,51573.4067
0,18/02/2021,20210218,51573.4067
1,18/02/2021,20210218,51573.4067
1,18/02/2021,20210218,51573.4067
0,18/02/2021,20210218,51573.4067
0,18/02/2021,20210218,51573.4067
1,18/02/2021,20210218,51573.4067
1,18/02/2021,20210218,51573.4067
1,18/02/2021,20210218,51573.4067
0,18/02/2021,20210218,51573.4067
0,18/02/2021,20210218,51573.4067
1,18/02/2021,20210218,51573.4067
1,18/02/2021,20210218,51573.4067
0,18/02/2021,20210218,51573.4067
0,18/02/2021,20210218,51573.4067
1,18/02/2021,20210218,51573.4067
0,18/02/2021,20210218,51573.4067
1,18/02/2021,20210218,51573.4067
0,18/02/2021,20210218,51573.4067
0,18/02/2021,20210218,51573.4067
0,18/02/2021,20210218,51573.4067
1,22/02/2021,20210222,54117.495
0,22/02/2021,20210222,54117.495
0,22/02/2021,20210222,54117.495
0,22/02/2021,20210222,54117.495
0,22/02/2021,20210222,54117.495
0,22/02/2021,20210222,54117.495
1,22/02/2021,20210222,54117.495
0,22/02/2021,20210222,54117.495
0,22/02/2021,20210222,54117.495
1,22/02/2021,20210222,54117.495
0,22/02/2021,20210222,54117.495
0,22/02/2021,20210222,54117.495
1,22/02/2021,20210222,54117.495
0,22/02/2021,20210222,54117.495
0,22/02/2021,20210222,54117.495
0,22/02/2021,20210222,54117.495
0,22/02/2021,20210222,54117.495
0,22/02/2021,20210222,54117.495
0,22/02/2021,20210222,54117.495
1,22/02/2021,20210222,54117.495
0,22/02/2021,20210222,54117.495
1,22/02/2021,20210222,54117.495
0,22/02/2021,20210222,54117.495
1,22/02/2021,20210222,54117.495
0,22/02/2021,20210222,54117.495
0,22/02/2021,20210222,54117.495
0,22/02/2021,20210222,54117.495
0,22/02/2021,20210222,54117.495
0,22/02/2021,20210222,54117.495
1,22/02/2021,20210222,54117.495
1,22/02/2021,20210222,54117.495
0,22/02/2021,20210222,54117.495
1,22/02/2021,20210222,54117.495
0,22/02/2021,20210222,54117.495
1,22/02/2021,20210222,54117.495
0,22/02/2021,20210222,54117.495
1,22/02/2021,20210222,54117.495
1,22/02/2021,20210222,54117.495
-1,22/02/2021,20210222,54117.495
0,22/02/2021,20210222,54117.495
-1,22/02/2021,20210222,54117.495
1,22/02/2021,20210222,54117.495
1,22/02/2021,20210222,54117.495
1,22/02/2021,20210222,54117.495
0,22/02/2021,20210222,54117.495
1,22/02/2021,20210222,54117.495
1,22/02/2021,20210222,54117.495
1,22/02/2021,20210222,54117.495
0,22/02/2021,20210222,54117.495
0,22/02/2021,20210222,54117.495
0,22/02/2021,20210222,54117.495
1,22/02/2021,20210222,54117.495
1,22/02/2021,20210222,54117.495
1,22/02/2021,20210222,54117.495
1,22/02/2021,20210222,54117.495
0,22/02/2021,20210222,54117.495
1,22/02/2021,20210222,54117.495
1,22/02/2021,20210222,54117.495
0,22/02/2021,20210222,54117.495
1,22/02/2021,20210222,54117.495
1,22/02/2021,20210222,54117.495
0,22/02/2021,20210222,54117.495
1,22/02/2021,20210222,54117.495
0,22/02/2021,20210222,54117.495
0,22/02/2021,20210222,54117.495
1,22/02/2021,20210222,54117.495
0,22/02/2021,20210222,54117.495
0,22/02/2021,20210222,54117.495
1,22/02/2021,20210222,54117.495
1,22/02/2021,20210222,54117.495
1,22/02/2021,20210222,54117.495
0,28/02/2021,20210228,45256.4133
0,28/02/2021,20210228,45256.4133
-1,28/02/2021,20210228,45256.4133
0,28/02/2021,20210228,45256.4133
1,28/02/2021,20210228,45256.4133
0,28/02/2021,20210228,45256.4133
0,28/02/2021,20210228,45256.4133
1,28/02/2021,20210228,45256.4133
0,28/02/2021,20210228,45256.4133
1,28/02/2021,20210228,45256.4133
0,28/02/2021,20210228,45256.4133
0,28/02/2021,20210228,45256.4133
0,28/02/2021,20210228,45256.4133
1,28/02/2021,20210228,45256.4133
0,28/02/2021,20210228,45256.4133
1,28/02/2021,20210228,45256.4133
1,28/02/2021,20210228,45256.4133
1,28/02/2021,20210228,45256.4133
1,28/02/2021,20210228,45256.4133
1,28/02/2021,20210228,45256.4133
0,28/02/2021,20210228,45256.4133
1,28/02/2021,20210228,45256.4133
0,28/02/2021,20210228,45256.4133
0,28/02/2021,20210228,45256.4133
0,28/02/2021,20210228,45256.4133
0,28/02/2021,20210228,45256.4133
0,28/02/2021,20210228,45256.4133
1,28/02/2021,20210228,45256.4133
0,28/02/2021,20210228,45256.4133
1,28/02/2021,20210228,45256.4133
0,12/03/2021,20210312,57254.9
0,12/03/2021,20210312,57254.9
0,12/03/2021,20210312,57254.9
0,12/03/2021,20210312,57254.9
0,12/03/2021,20210312,57254.9
1,12/03/2021,20210312,57254.9
0,12/03/2021,20210312,57254.9
0,12/03/2021,20210312,57254.9
0,12/03/2021,20210312,57254.9
1,12/03/2021,20210312,57254.9
1,12/03/2021,20210312,57254.9
0,12/03/2021,20210312,57254.9
-1,12/03/2021,20210312,57254.9
0,12/03/2021,20210312,57254.9
0,12/03/2021,20210312,57254.9
1,12/03/2021,20210312,57254.9
0,12/03/2021,20210312,57254.9
-1,12/03/2021,20210312,57254.9
0,12/03/2021,20210312,57254.9
0,12/03/2021,20210312,57254.9
0,12/03/2021,20210312,57254.9
0,12/03/2021,20210312,57254.9
0,12/03/2021,20210312,57254.9
1,12/03/2021,20210312,57254.9
0,12/03/2021,20210312,57254.9
1,12/03/2021,20210312,57254.9
1,12/03/2021,20210312,57254.9
1,12/03/2021,20210312,57254.9
1,12/03/2021,20210312,57254.9
1,12/03/2021,20210312,57254.9
1,12/03/2021,20210312,57254.9
0,12/03/2021,20210312,57254.9
0,12/03/2021,20210312,57254.9
0,12/03/2021,20210312,57254.9
0,12/03/2021,20210312,57254.9
-1,12/03/2021,20210312,57254.9
1,12/03/2021,20210312,57254.9
1,12/03/2021,20210312,57254.9
0,12/03/2021,20210312,57254.9
1,12/03/2021,20210312,57254.9
1,12/03/2021,20210312,57254.9
0,12/03/2021,20210312,57254.9
0,12/03/2021,20210312,57254.9
0,12/03/2021,20210312,57254.9
1,12/03/2021,20210312,57254.9
1,12/03/2021,20210312,57254.9
0,12/03/2021,20210312,57254.9
1,12/03/2021,20210312,57254.9
0,12/03/2021,20210312,57254.9
0,12/03/2021,20210312,57254.9
1,12/03/2021,20210312,57254.9
0,12/03/2021,20210312,57254.9
0,12/03/2021,20210312,57254.9
0,12/03/2021,20210312,57254.9
1,12/03/2021,20210312,57254.9
1,12/03/2021,20210312,57254.9
1,12/03/2021,20210312,57254.9
0,12/03/2021,20210312,57254.9
0,12/03/2021,20210312,57254.9
1,12/03/2021,20210312,57254.9
0,12/03/2021,20210312,57254.9
0,12/03/2021,20210312,57254.9
1,12/03/2021,20210312,57254.9
1,12/03/2021,20210312,57254.9
1,12/03/2021,20210312,57254.9
0,12/03/2021,20210312,57254.9
0,12/03/2021,20210312,57254.9
1,12/03/2021,20210312,57254.9
0,12/03/2021,20210312,57254.9
0,12/03/2021,20210312,57254.9
1,12/03/2021,20210312,57254.9
-1,12/03/2021,20210312,57254.9
-1,12/03/2021,20210312,57254.9
1,12/03/2021,20210312,57254.9
0,12/03/2021,20210312,57254.9
0,12/03/2021,20210312,57254.9
0,12/03/2021,20210312,57254.9
1,12/03/2021,20210312,57254.9
0,12/03/2021,20210312,57254.9
0,11/03/2021,20210311,57827.6133
1,11/03/2021,20210311,57827.6133
0,11/03/2021,20210311,57827.6133
1,11/03/2021,20210311,57827.6133
0,12/04/2021,20210412,59856.7133
0,12/04/2021,20210412,59856.7133
-1,12/04/2021,20210412,59856.7133
1,12/04/2021,20210412,59856.7133
1,12/04/2021,20210412,59856.7133
1,12/04/2021,20210412,59856.7133
0,12/04/2021,20210412,59856.7133
1,12/04/2021,20210412,59856.7133
1,12/04/2021,20210412,59856.7133
0,12/04/2021,20210412,59856.7133
1,12/04/2021,20210412,59856.7133
0,12/04/2021,20210412,59856.7133
0,12/04/2021,20210412,59856.7133
1,12/04/2021,20210412,59856.7133
1,12/04/2021,20210412,59856.7133
0,12/04/2021,20210412,59856.7133
1,12/04/2021,20210412,59856.7133
1,12/04/2021,20210412,59856.7133
1,12/04/2021,20210412,59856.7133
1,12/04/2021,20210412,59856.7133
0,12/04/2021,20210412,59856.7133
1,12/04/2021,20210412,59856.7133
1,12/04/2021,20210412,59856.7133
0,12/04/2021,20210412,59856.7133
0,12/04/2021,20210412,59856.7133
0,12/04/2021,20210412,59856.7133
0,12/04/2021,20210412,59856.7133
1,12/04/2021,20210412,59856.7133
0,12/04/2021,20210412,59856.7133
0,12/04/2021,20210412,59856.7133
1,12/04/2021,20210412,59856.7133
0,12/04/2021,20210412,59856.7133
1,12/04/2021,20210412,59856.7133
1,12/04/2021,20210412,59856.7133
0,12/04/2021,20210412,59856.7133
0,12/04/2021,20210412,59856.7133
0,12/04/2021,20210412,59856.7133
0,12/04/2021,20210412,59856.7133
0,11/04/2021,20210411,59990.8733
1,11/04/2021,20210411,59990.8733
0,11/04/2021,20210411,59990.8733
1,11/04/2021,20210411,59990.8733
0,11/04/2021,20210411,59990.8733
1,11/04/2021,20210411,59990.8733
0,11/04/2021,20210411,59990.8733
1,11/04/2021,20210411,59990.8733
1,11/04/2021,20210411,59990.8733
0,11/04/2021,20210411,59990.8733
1,11/04/2021,20210411,59990.8733
1,11/04/2021,20210411,59990.8733
1,11/04/2021,20210411,59990.8733
0,11/04/2021,20210411,59990.8733
0,11/04/2021,20210411,59990.8733
1,11/04/2021,20210411,59990.8733
0,11/04/2021,20210411,59990.8733
0,11/04/2021,20210411,59990.8733
1,11/04/2021,20210411,59990.8733
1,11/04/2021,20210411,59990.8733
0,11/04/2021,20210411,59990.8733
1,11/04/2021,20210411,59990.8733
0,11/04/2021,20210411,59990.8733
0,11/04/2021,20210411,59990.8733
0,11/04/2021,20210411,59990.8733
0,11/04/2021,20210411,59990.8733
0,11/04/2021,20210411,59990.8733
0,11/04/2021,20210411,59990.8733
0,11/04/2021,20210411,59990.8733
1,11/04/2021,20210411,59990.8733
1,11/04/2021,20210411,59990.8733
1,11/04/2021,20210411,59990.8733
0,11/04/2021,20210411,59990.8733
1,11/04/2021,20210411,59990.8733
1,11/04/2021,20210411,59990.8733
0,11/04/2021,20210411,59990.8733
0,11/04/2021,20210411,59990.8733
1,11/04/2021,20210411,59990.8733
0,11/04/2021,20210411,59990.8733
1,11/04/2021,20210411,59990.8733
0,10/04/2021,20210410,59791.845
0,10/04/2021,20210410,59791.845
0,10/04/2021,20210410,59791.845
0,10/04/2021,20210410,59791.845
1,10/04/2021,20210410,59791.845
1,10/04/2021,20210410,59791.845
1,10/04/2021,20210410,59791.845
0,10/04/2021,20210410,59791.845
0,10/04/2021,20210410,59791.845
1,10/04/2021,20210410,59791.845
1,10/04/2021,20210410,59791.845
0,10/04/2021,20210410,59791.845
0,10/04/2021,20210410,59791.845
0,10/04/2021,20210410,59791.845
1,10/04/2021,20210410,59791.845
-1,10/04/2021,20210410,59791.845
0,10/04/2021,20210410,59791.845
0,10/04/2021,20210410,59791.845
0,10/04/2021,20210410,59791.845
1,10/04/2021,20210410,59791.845
1,10/04/2021,20210410,59791.845
0,10/04/2021,20210410,59791.845
1,10/04/2021,20210410,59791.845
0,10/04/2021,20210410,59791.845
1,10/04/2021,20210410,59791.845
0,10/04/2021,20210410,59791.845
0,10/04/2021,20210410,59791.845
0,10/04/2021,20210410,59791.845
1,10/04/2021,20210410,59791.845
1,10/04/2021,20210410,59791.845
0,10/04/2021,20210410,59791.845
0,10/04/2021,20210410,59791.845
0,10/04/2021,20210410,59791.845
1,10/04/2021,20210410,59791.845
1,10/04/2021,20210410,59791.845
0,10/04/2021,20210410,59791.845
0,10/04/2021,20210410,59791.845
0,10/04/2021,20210410,59791.845
1,10/04/2021,20210410,59791.845
1,10/04/2021,20210410,59791.845
0,10/04/2021,20210410,59791.845
1,10/04/2021,20210410,59791.845
1,10/04/2021,20210410,59791.845
0,10/04/2021,20210410,59791.845
0,10/04/2021,20210410,59791.845
0,10/04/2021,20210410,59791.845
0,10/04/2021,20210410,59791.845
1,10/04/2021,20210410,59791.845
0,10/04/2021,20210410,59791.845
0,10/04/2021,20210410,59791.845
1,10/04/2021,20210410,59791.845
0,10/04/2021,20210410,59791.845
0,10/04/2021,20210410,59791.845
0,10/04/2021,20210410,59791.845
-1,10/04/2021,20210410,59791.845
1,10/04/2021,20210410,59791.845
1,10/04/2021,20210410,59791.845
1,10/04/2021,20210410,59791.845
1,10/04/2021,20210410,59791.845
0,10/04/2021,20210410,59791.845
0,10/04/2021,20210410,59791.845
0,10/04/2021,20210410,59791.845
1,10/04/2021,20210410,59791.845
1,10/04/2021,20210410,59791.845
0,10/04/2021,20210410,59791.845
0,10/04/2021,20210410,59791.845
0,10/04/2021,20210410,59791.845
0,10/04/2021,20210410,59791.845
0,10/04/2021,20210410,59791.845
0,10/04/2021,20210410,59791.845
1,10/04/2021,20210410,59791.845
0,10/04/2021,20210410,59791.845
1,10/04/2021,20210410,59791.845
1,10/04/2021,20210410,59791.845
0,10/04/2021,20210410,59791.845
0,10/04/2021,20210410,59791.845
0,10/04/2021,20210410,59791.845
-1,10/04/2021,20210410,59791.845
1,10/04/2021,20210410,59791.845
1,10/04/2021,20210410,59791.845
0,10/04/2021,20210410,59791.845
0,09/04/2021,20210409,58119.59
0,09/04/2021,20210409,58119.59
1,09/04/2021,20210409,58119.59
1,09/04/2021,20210409,58119.59
-1,09/04/2021,20210409,58119.59
0,09/04/2021,20210409,58119.59
1,09/04/2021,20210409,58119.59
1,09/04/2021,20210409,58119.59
1,09/04/2021,20210409,58119.59
0,09/04/2021,20210409,58119.59
0,09/04/2021,20210409,58119.59
0,09/04/2021,20210409,58119.59
1,09/04/2021,20210409,58119.59
0,09/04/2021,20210409,58119.59
1,09/04/2021,20210409,58119.59
1,09/04/2021,20210409,58119.59
-1,09/04/2021,20210409,58119.59
0,09/04/2021,20210409,58119.59
0,09/04/2021,20210409,58119.59
-1,09/04/2021,20210409,58119.59
1,09/04/2021,20210409,58119.59
1,09/04/2021,20210409,58119.59
-1,09/04/2021,20210409,58119.59
0,09/04/2021,20210409,58119.59
0,09/04/2021,20210409,58119.59
0,09/04/2021,20210409,58119.59
0,09/04/2021,20210409,58119.59
0,09/04/2021,20210409,58119.59
0,09/04/2021,20210409,58119.59
0,09/04/2021,20210409,58119.59
0,09/04/2021,20210409,58119.59
0,09/04/2021,20210409,58119.59
0,09/04/2021,20210409,58119.59
1,09/04/2021,20210409,58119.59
0,09/04/2021,20210409,58119.59
0,09/04/2021,20210409,58119.59
0,09/04/2021,20210409,58119.59
0,09/04/2021,20210409,58119.59
1,09/04/2021,20210409,58119.59
0,09/04/2021,20210409,58119.59
1,09/04/2021,20210409,58119.59
0,09/04/2021,20210409,58119.59
1,09/04/2021,20210409,58119.59
1,09/04/2021,20210409,58119.59
0,09/04/2021,20210409,58119.59
0,09/04/2021,20210409,58119.59
0,09/04/2021,20210409,58119.59
0,09/04/2021,20210409,58119.59
0,09/04/2021,20210409,58119.59
0,09/04/2021,20210409,58119.59
1,09/04/2021,20210409,58119.59
1,09/04/2021,20210409,58119.59
1,09/04/2021,20210409,58119.59
0,09/04/2021,20210409,58119.59
0,09/04/2021,20210409,58119.59
1,09/04/2021,20210409,58119.59
1,09/04/2021,20210409,58119.59
1,09/04/2021,20210409,58119.59
1,09/04/2021,20210409,58119.59
0,09/04/2021,20210409,58119.59
0,09/04/2021,20210409,58119.59
0,09/04/2021,20210409,58119.59
0,09/04/2021,20210409,58119.59
1,09/04/2021,20210409,58119.59
0,09/04/2021,20210409,58119.59
0,09/04/2021,20210409,58119.59
0,09/04/2021,20210409,58119.59
0,09/04/2021,20210409,58119.59
0,09/04/2021,20210409,58119.59
0,08/04/2021,20210408,58087.18
1,08/04/2021,20210408,58087.18
0,08/04/2021,20210408,58087.18
0,08/04/2021,20210408,58087.18
0,08/04/2021,20210408,58087.18
0,08/04/2021,20210408,58087.18
0,08/04/2021,20210408,58087.18
1,08/04/2021,20210408,58087.18
1,08/04/2021,20210408,58087.18
1,08/04/2021,20210408,58087.18
0,08/04/2021,20210408,58087.18
0,08/04/2021,20210408,58087.18
1,08/04/2021,20210408,58087.18
0,08/04/2021,20210408,58087.18
0,08/04/2021,20210408,58087.18
0,08/04/2021,20210408,58087.18
1,08/04/2021,20210408,58087.18
1,08/04/2021,20210408,58087.18
0,08/04/2021,20210408,58087.18
0,08/04/2021,20210408,58087.18
-1,08/04/2021,20210408,58087.18
0,08/04/2021,20210408,58087.18
0,08/04/2021,20210408,58087.18
1,08/04/2021,20210408,58087.18
0,08/04/2021,20210408,58087.18
1,08/04/2021,20210408,58087.18
0,08/04/2021,20210408,58087.18
0,08/04/2021,20210408,58087.18
0,08/04/2021,20210408,58087.18
0,08/04/2021,20210408,58087.18
1,08/04/2021,20210408,58087.18
0,08/04/2021,20210408,58087.18
0,08/04/2021,20210408,58087.18
1,08/04/2021,20210408,58087.18
0,08/04/2021,20210408,58087.18
1,08/04/2021,20210408,58087.18
0,08/04/2021,20210408,58087.18
0,08/04/2021,20210408,58087.18
-1,08/04/2021,20210408,58087.18
-1,08/04/2021,20210408,58087.18
1,08/04/2021,20210408,58087.18
1,08/04/2021,20210408,58087.18
1,08/04/2021,20210408,58087.18
0,08/04/2021,20210408,58087.18
1,08/04/2021,20210408,58087.18
0,08/04/2021,20210408,58087.18
0,08/04/2021,20210408,58087.18
1,08/04/2021,20210408,58087.18
0,08/04/2021,20210408,58087.18
0,08/04/2021,20210408,58087.18
0,08/04/2021,20210408,58087.18
0,08/04/2021,20210408,58087.18
0,08/04/2021,20210408,58087.18
1,08/04/2021,20210408,58087.18
0,08/04/2021,20210408,58087.18
0,08/04/2021,20210408,58087.18
0,08/04/2021,20210408,58087.18
0,08/04/2021,20210408,58087.18
1,08/04/2021,20210408,58087.18
1,08/04/2021,20210408,58087.18
1,08/04/2021,20210408,58087.18
0,08/04/2021,20210408,58087.18
0,08/04/2021,20210408,58087.18
1,08/04/2021,20210408,58087.18
0,08/04/2021,20210408,58087.18
0,08/04/2021,20210408,58087.18
0,08/04/2021,20210408,58087.18
1,08/04/2021,20210408,58087.18
1,08/04/2021,20210408,58087.18
0,08/04/2021,20210408,58087.18
-1,08/04/2021,20210408,58087.18
0,08/04/2021,20210408,58087.18
1,08/04/2021,20210408,58087.18
0,08/04/2021,20210408,58087.18
-1,07/04/2021,20210407,55950.97
1,07/04/2021,20210407,55950.97
1,07/04/2021,20210407,55950.97
1,07/04/2021,20210407,55950.97
0,07/04/2021,20210407,55950.97
0,07/04/2021,20210407,55950.97
1,07/04/2021,20210407,55950.97
0,07/04/2021,20210407,55950.97
0,07/04/2021,20210407,55950.97
0,07/04/2021,20210407,55950.97
0,07/04/2021,20210407,55950.97
0,07/04/2021,20210407,55950.97
0,07/04/2021,20210407,55950.97
0,07/04/2021,20210407,55950.97
1,07/04/2021,20210407,55950.97
0,07/04/2021,20210407,55950.97
1,07/04/2021,20210407,55950.97
0,07/04/2021,20210407,55950.97
0,07/04/2021,20210407,55950.97
1,07/04/2021,20210407,55950.97
0,07/04/2021,20210407,55950.97
0,07/04/2021,20210407,55950.97
0,07/04/2021,20210407,55950.97
1,07/04/2021,20210407,55950.97
-1,07/04/2021,20210407,55950.97
1,07/04/2021,20210407,55950.97
1,07/04/2021,20210407,55950.97
1,07/04/2021,20210407,55950.97
0,07/04/2021,20210407,55950.97
0,07/04/2021,20210407,55950.97
0,07/04/2021,20210407,55950.97
0,07/04/2021,20210407,55950.97
1,07/04/2021,20210407,55950.97
1,07/04/2021,20210407,55950.97
1,07/04/2021,20210407,55950.97
1,07/04/2021,20210407,55950.97
0,07/04/2021,20210407,55950.97
1,07/04/2021,20210407,55950.97
0,07/04/2021,20210407,55950.97
0,07/04/2021,20210407,55950.97
1,07/04/2021,20210407,55950.97
0,07/04/2021,20210407,55950.97
1,07/04/2021,20210407,55950.97
0,07/04/2021,20210407,55950.97
1,07/04/2021,20210407,55950.97
0,07/04/2021,20210407,55950.97
1,07/04/2021,20210407,55950.97
0,07/04/2021,20210407,55950.97
0,07/04/2021,20210407,55950.97
1,07/04/2021,20210407,55950.97
0,07/04/2021,20210407,55950.97
0,07/04/2021,20210407,55950.97
0,07/04/2021,20210407,55950.97
-1,07/04/2021,20210407,55950.97
0,07/04/2021,20210407,55950.97
1,07/04/2021,20210407,55950.97
0,07/04/2021,20210407,55950.97
1,07/04/2021,20210407,55950.97
1,07/04/2021,20210407,55950.97
0,07/04/2021,20210407,55950.97
0,07/04/2021,20210407,55950.97
1,07/04/2021,20210407,55950.97
0,07/04/2021,20210407,55950.97
0,07/04/2021,20210407,55950.97
0,07/04/2021,20210407,55950.97
1,07/04/2021,20210407,55950.97
0,07/04/2021,20210407,55950.97
0,07/04/2021,20210407,55950.97
1,07/04/2021,20210407,55950.97
0,07/04/2021,20210407,55950.97
0,07/04/2021,20210407,55950.97
1,07/04/2021,20210407,55950.97
0,07/04/2021,20210407,55950.97
1,07/04/2021,20210407,55950.97
1,07/04/2021,20210407,55950.97
1,07/04/2021,20210407,55950.97
1,07/04/2021,20210407,55950.97
0,07/04/2021,20210407,55950.97
0,07/04/2021,20210407,55950.97
0,07/04/2021,20210407,55950.97
1,06/04/2021,20210406,58011.415
1,06/04/2021,20210406,58011.415
0,06/04/2021,20210406,58011.415
1,06/04/2021,20210406,58011.415
0,06/04/2021,20210406,58011.415
0,06/04/2021,20210406,58011.415
0,06/04/2021,20210406,58011.415
0,06/04/2021,20210406,58011.415
0,06/04/2021,20210406,58011.415
0,06/04/2021,20210406,58011.415
1,06/04/2021,20210406,58011.415
0,06/04/2021,20210406,58011.415
1,06/04/2021,20210406,58011.415
1,06/04/2021,20210406,58011.415
1,06/04/2021,20210406,58011.415
0,06/04/2021,20210406,58011.415
0,06/04/2021,20210406,58011.415
0,06/04/2021,20210406,58011.415
0,06/04/2021,20210406,58011.415
1,06/04/2021,20210406,58011.415
0,06/04/2021,20210406,58011.415
-1,06/04/2021,20210406,58011.415
1,06/04/2021,20210406,58011.415
0,06/04/2021,20210406,58011.415
0,06/04/2021,20210406,58011.415
1,06/04/2021,20210406,58011.415
-1,06/04/2021,20210406,58011.415
0,06/04/2021,20210406,58011.415
0,06/04/2021,20210406,58011.415
0,06/04/2021,20210406,58011.415
0,06/04/2021,20210406,58011.415
0,06/04/2021,20210406,58011.415
1,06/04/2021,20210406,58011.415
1,06/04/2021,20210406,58011.415
1,06/04/2021,20210406,58011.415
0,06/04/2021,20210406,58011.415
1,06/04/2021,20210406,58011.415
0,06/04/2021,20210406,58011.415
0,06/04/2021,20210406,58011.415
0,06/04/2021,20210406,58011.415
0,06/04/2021,20210406,58011.415
0,06/04/2021,20210406,58011.415
0,06/04/2021,20210406,58011.415
0,06/04/2021,20210406,58011.415
0,06/04/2021,20210406,58011.415
1,06/04/2021,20210406,58011.415
1,06/04/2021,20210406,58011.415
1,06/04/2021,20210406,58011.415
0,06/04/2021,20210406,58011.415
0,06/04/2021,20210406,58011.415
1,06/04/2021,20210406,58011.415
1,06/04/2021,20210406,58011.415
0,06/04/2021,20210406,58011.415
0,06/04/2021,20210406,58011.415
0,06/04/2021,20210406,58011.415
0,06/04/2021,20210406,58011.415
1,06/04/2021,20210406,58011.415
0,06/04/2021,20210406,58011.415
0,06/04/2021,20210406,58011.415
1,06/04/2021,20210406,58011.415
0,06/04/2021,20210406,58011.415
1,06/04/2021,20210406,58011.415
1,06/04/2021,20210406,58011.415
0,06/04/2021,20210406,58011.415
1,06/04/2021,20210406,58011.415
0,06/04/2021,20210406,58011.415
0,06/04/2021,20210406,58011.415
0,06/04/2021,20210406,58011.415
0,06/04/2021,20210406,58011.415
1,06/04/2021,20210406,58011.415
0,06/04/2021,20210406,58011.415
1,06/04/2021,20210406,58011.415
1,06/04/2021,20210406,58011.415
0,06/04/2021,20210406,58011.415
1,05/04/2021,20210405,59140.685
0,05/04/2021,20210405,59140.685
0,05/04/2021,20210405,59140.685
1,05/04/2021,20210405,59140.685
0,05/04/2021,20210405,59140.685
0,05/04/2021,20210405,59140.685
0,05/04/2021,20210405,59140.685
1,05/04/2021,20210405,59140.685
0,05/04/2021,20210405,59140.685
0,05/04/2021,20210405,59140.685
0,05/04/2021,20210405,59140.685
1,05/04/2021,20210405,59140.685
1,05/04/2021,20210405,59140.685
1,05/04/2021,20210405,59140.685
0,05/04/2021,20210405,59140.685
0,05/04/2021,20210405,59140.685
0,05/04/2021,20210405,59140.685
1,05/04/2021,20210405,59140.685
1,05/04/2021,20210405,59140.685
0,05/04/2021,20210405,59140.685
0,05/04/2021,20210405,59140.685
0,05/04/2021,20210405,59140.685
1,05/04/2021,20210405,59140.685
1,05/04/2021,20210405,59140.685
0,05/04/2021,20210405,59140.685
1,05/04/2021,20210405,59140.685
1,05/04/2021,20210405,59140.685
1,05/04/2021,20210405,59140.685
1,05/04/2021,20210405,59140.685
-1,05/04/2021,20210405,59140.685
1,05/04/2021,20210405,59140.685
-1,05/04/2021,20210405,59140.685
0,05/04/2021,20210405,59140.685
1,05/04/2021,20210405,59140.685
1,05/04/2021,20210405,59140.685
1,05/04/2021,20210405,59140.685
1,05/04/2021,20210405,59140.685
1,05/04/2021,20210405,59140.685
0,05/04/2021,20210405,59140.685
0,05/04/2021,20210405,59140.685
0,05/04/2021,20210405,59140.685
0,05/04/2021,20210405,59140.685
1,05/04/2021,20210405,59140.685
1,05/04/2021,20210405,59140.685
1,24/04/2021,20210424,50123.7367
0,24/04/2021,20210424,50123.7367
1,24/04/2021,20210424,50123.7367
0,24/04/2021,20210424,50123.7367
0,24/04/2021,20210424,50123.7367
0,24/04/2021,20210424,50123.7367
0,24/04/2021,20210424,50123.7367
-1,24/04/2021,20210424,50123.7367
0,24/04/2021,20210424,50123.7367
0,24/04/2021,20210424,50123.7367
1,24/04/2021,20210424,50123.7367
1,24/04/2021,20210424,50123.7367
1,24/04/2021,20210424,50123.7367
1,24/04/2021,20210424,50123.7367
0,24/04/2021,20210424,50123.7367
1,24/04/2021,20210424,50123.7367
0,24/04/2021,20210424,50123.7367
1,24/04/2021,20210424,50123.7367
1,24/04/2021,20210424,50123.7367
0,24/04/2021,20210424,50123.7367
0,24/04/2021,20210424,50123.7367
0,24/04/2021,20210424,50123.7367
1,24/04/2021,20210424,50123.7367
1,24/04/2021,20210424,50123.7367
1,24/04/2021,20210424,50123.7367
0,24/04/2021,20210424,50123.7367
0,24/04/2021,20210424,50123.7367
1,24/04/2021,20210424,50123.7367
0,24/04/2021,20210424,50123.7367
1,24/04/2021,20210424,50123.7367
0,24/04/2021,20210424,50123.7367
0,24/04/2021,20210424,50123.7367
0,24/04/2021,20210424,50123.7367
0,24/04/2021,20210424,50123.7367
0,24/04/2021,20210424,50123.7367
1,24/04/2021,20210424,50123.7367
0,24/04/2021,20210424,50123.7367
1,24/04/2021,20210424,50123.7367
1,24/04/2021,20210424,50123.7367
0,24/04/2021,20210424,50123.7367
0,24/04/2021,20210424,50123.7367
0,24/04/2021,20210424,50123.7367
0,24/04/2021,20210424,50123.7367
1,24/04/2021,20210424,50123.7367
1,24/04/2021,20210424,50123.7367
0,24/04/2021,20210424,50123.7367
0,24/04/2021,20210424,50123.7367
0,24/04/2021,20210424,50123.7367
0,24/04/2021,20210424,50123.7367
0,24/04/2021,20210424,50123.7367
1,24/04/2021,20210424,50123.7367
0,24/04/2021,20210424,50123.7367
0,24/04/2021,20210424,50123.7367
0,24/04/2021,20210424,50123.7367
1,24/04/2021,20210424,50123.7367
0,24/04/2021,20210424,50123.7367
0,24/04/2021,20210424,50123.7367
0,24/04/2021,20210424,50123.7367
1,24/04/2021,20210424,50123.7367
0,24/04/2021,20210424,50123.7367
0,24/04/2021,20210424,50123.7367
0,24/04/2021,20210424,50123.7367
0,24/04/2021,20210424,50123.7367
0,24/04/2021,20210424,50123.7367
1,24/04/2021,20210424,50123.7367
0,24/04/2021,20210424,50123.7367
1,24/04/2021,20210424,50123.7367
0,24/04/2021,20210424,50123.7367
1,24/04/2021,20210424,50123.7367
0,24/04/2021,20210424,50123.7367
1,24/04/2021,20210424,50123.7367
1,24/04/2021,20210424,50123.7367
1,24/04/2021,20210424,50123.7367
1,24/04/2021,20210424,50123.7367
1,24/04/2021,20210424,50123.7367
0,24/04/2021,20210424,50123.7367
0,24/04/2021,20210424,50123.7367
0,24/04/2021,20210424,50123.7367
0,24/04/2021,20210424,50123.7367
0,23/04/2021,20210423,51161.1467
0,23/04/2021,20210423,51161.1467
-1,23/04/2021,20210423,51161.1467
0,23/04/2021,20210423,51161.1467
0,23/04/2021,20210423,51161.1467
0,23/04/2021,20210423,51161.1467
1,23/04/2021,20210423,51161.1467
1,23/04/2021,20210423,51161.1467
0,23/04/2021,20210423,51161.1467
0,23/04/2021,20210423,51161.1467
0,23/04/2021,20210423,51161.1467
-1,23/04/2021,20210423,51161.1467
1,23/04/2021,20210423,51161.1467
0,23/04/2021,20210423,51161.1467
0,23/04/2021,20210423,51161.1467
0,23/04/2021,20210423,51161.1467
1,23/04/2021,20210423,51161.1467
0,23/04/2021,20210423,51161.1467
1,23/04/2021,20210423,51161.1467
0,23/04/2021,20210423,51161.1467
0,23/04/2021,20210423,51161.1467
1,23/04/2021,20210423,51161.1467
1,23/04/2021,20210423,51161.1467
1,23/04/2021,20210423,51161.1467
1,23/04/2021,20210423,51161.1467
1,23/04/2021,20210423,51161.1467
0,23/04/2021,20210423,51161.1467
0,23/04/2021,20210423,51161.1467
0,23/04/2021,20210423,51161.1467
1,23/04/2021,20210423,51161.1467
0,23/04/2021,20210423,51161.1467
0,23/04/2021,20210423,51161.1467
0,23/04/2021,20210423,51161.1467
0,23/04/2021,20210423,51161.1467
1,23/04/2021,20210423,51161.1467
0,23/04/2021,20210423,51161.1467
-1,23/04/2021,20210423,51161.1467
0,23/04/2021,20210423,51161.1467
1,23/04/2021,20210423,51161.1467
1,23/04/2021,20210423,51161.1467
0,23/04/2021,20210423,51161.1467
0,23/04/2021,20210423,51161.1467
1,23/04/2021,20210423,51161.1467
0,23/04/2021,20210423,51161.1467
1,23/04/2021,20210423,51161.1467
0,23/04/2021,20210423,51161.1467
0,23/04/2021,20210423,51161.1467
0,23/04/2021,20210423,51161.1467
0,23/04/2021,20210423,51161.1467
1,23/04/2021,20210423,51161.1467
1,23/04/2021,20210423,51161.1467
1,23/04/2021,20210423,51161.1467
1,23/04/2021,20210423,51161.1467
0,23/04/2021,20210423,51161.1467
0,23/04/2021,20210423,51161.1467
1,23/04/2021,20210423,51161.1467
0,23/04/2021,20210423,51161.1467
1,23/04/2021,20210423,51161.1467
0,23/04/2021,20210423,51161.1467
1,23/04/2021,20210423,51161.1467
0,23/04/2021,20210423,51161.1467
1,23/04/2021,20210423,51161.1467
0,23/04/2021,20210423,51161.1467
0,23/04/2021,20210423,51161.1467
0,23/04/2021,20210423,51161.1467
0,23/04/2021,20210423,51161.1467
0,23/04/2021,20210423,51161.1467
1,23/04/2021,20210423,51161.1467
1,23/04/2021,20210423,51161.1467
0,23/04/2021,20210423,51161.1467
0,23/04/2021,20210423,51161.1467
0,23/04/2021,20210423,51161.1467
0,23/04/2021,20210423,51161.1467
1,23/04/2021,20210423,51161.1467
0,23/04/2021,20210423,51161.1467
1,23/04/2021,20210423,51161.1467
0,23/04/2021,20210423,51161.1467
1,23/04/2021,20210423,51161.1467
0,23/04/2021,20210423,51161.1467
0,23/04/2021,20210423,51161.1467
-1,23/04/2021,20210423,51161.1467
0,23/04/2021,20210423,51161.1467
-1,23/04/2021,20210423,51161.1467
0,23/04/2021,20210423,51161.1467
0,23/04/2021,20210423,51161.1467
0,23/04/2021,20210423,51161.1467
0,23/04/2021,20210423,51161.1467
0,23/04/2021,20210423,51161.1467
0,23/04/2021,20210423,51161.1467
0,23/04/2021,20210423,51161.1467
1,23/04/2021,20210423,51161.1467
0,23/04/2021,20210423,51161.1467
1,23/04/2021,20210423,51161.1467
-1,23/04/2021,20210423,51161.1467
1,23/04/2021,20210423,51161.1467
0,23/04/2021,20210423,51161.1467
0,23/04/2021,20210423,51161.1467
0,23/04/2021,20210423,51161.1467
0,23/04/2021,20210423,51161.1467
1,23/04/2021,20210423,51161.1467
0,23/04/2021,20210423,51161.1467
1,23/04/2021,20210423,51161.1467
0,23/04/2021,20210423,51161.1467
0,23/04/2021,20210423,51161.1467
0,23/04/2021,20210423,51161.1467
0,23/04/2021,20210423,51161.1467
-1,23/04/2021,20210423,51161.1467
0,23/04/2021,20210423,51161.1467
1,23/04/2021,20210423,51161.1467
1,23/04/2021,20210423,51161.1467
1,23/04/2021,20210423,51161.1467
1,23/04/2021,20210423,51161.1467
1,23/04/2021,20210423,51161.1467
0,23/04/2021,20210423,51161.1467
0,23/04/2021,20210423,51161.1467
0,23/04/2021,20210423,51161.1467
1,23/04/2021,20210423,51161.1467
0,23/04/2021,20210423,51161.1467
1,22/04/2021,20210422,51722.1333
0,22/04/2021,20210422,51722.1333
0,22/04/2021,20210422,51722.1333
1,22/04/2021,20210422,51722.1333
0,22/04/2021,20210422,51722.1333
0,22/04/2021,20210422,51722.1333
0,22/04/2021,20210422,51722.1333
1,22/04/2021,20210422,51722.1333
0,22/04/2021,20210422,51722.1333
1,22/04/2021,20210422,51722.1333
0,22/04/2021,20210422,51722.1333
0,22/04/2021,20210422,51722.1333
0,22/04/2021,20210422,51722.1333
1,22/04/2021,20210422,51722.1333
1,22/04/2021,20210422,51722.1333
0,22/04/2021,20210422,51722.1333
1,22/04/2021,20210422,51722.1333
1,22/04/2021,20210422,51722.1333
1,22/04/2021,20210422,51722.1333
0,22/04/2021,20210422,51722.1333
1,22/04/2021,20210422,51722.1333
1,22/04/2021,20210422,51722.1333
1,22/04/2021,20210422,51722.1333
1,22/04/2021,20210422,51722.1333
1,22/04/2021,20210422,51722.1333
-1,22/04/2021,20210422,51722.1333
-1,22/04/2021,20210422,51722.1333
0,22/04/2021,20210422,51722.1333
0,22/04/2021,20210422,51722.1333
1,22/04/2021,20210422,51722.1333
0,22/04/2021,20210422,51722.1333
1,22/04/2021,20210422,51722.1333
1,22/04/2021,20210422,51722.1333
1,22/04/2021,20210422,51722.1333
1,22/04/2021,20210422,51722.1333
0,22/04/2021,20210422,51722.1333
0,22/04/2021,20210422,51722.1333
1,22/04/2021,20210422,51722.1333
0,22/04/2021,20210422,51722.1333
0,22/04/2021,20210422,51722.1333
1,22/04/2021,20210422,51722.1333
0,22/04/2021,20210422,51722.1333
0,22/04/2021,20210422,51722.1333
0,22/04/2021,20210422,51722.1333
0,22/04/2021,20210422,51722.1333
1,22/04/2021,20210422,51722.1333
1,22/04/2021,20210422,51722.1333
0,22/04/2021,20210422,51722.1333
0,22/04/2021,20210422,51722.1333
0,22/04/2021,20210422,51722.1333
1,22/04/2021,20210422,51722.1333
0,22/04/2021,20210422,51722.1333
1,22/04/2021,20210422,51722.1333
0,22/04/2021,20210422,51722.1333
0,22/04/2021,20210422,51722.1333
1,22/04/2021,20210422,51722.1333
0,22/04/2021,20210422,51722.1333
0,22/04/2021,20210422,51722.1333
1,22/04/2021,20210422,51722.1333
1,22/04/2021,20210422,51722.1333
0,22/04/2021,20210422,51722.1333
0,22/04/2021,20210422,51722.1333
0,22/04/2021,20210422,51722.1333
0,22/04/2021,20210422,51722.1333
1,22/04/2021,20210422,51722.1333
-1,22/04/2021,20210422,51722.1333
1,22/04/2021,20210422,51722.1333
1,22/04/2021,20210422,51722.1333
1,22/04/2021,20210422,51722.1333
0,22/04/2021,20210422,51722.1333
0,22/04/2021,20210422,51722.1333
1,22/04/2021,20210422,51722.1333
1,22/04/2021,20210422,51722.1333
0,22/04/2021,20210422,51722.1333
1,22/04/2021,20210422,51722.1333
0,22/04/2021,20210422,51722.1333
0,22/04/2021,20210422,51722.1333
1,22/04/2021,20210422,51722.1333
0,22/04/2021,20210422,51722.1333
0,22/04/2021,20210422,51722.1333
0,22/04/2021,20210422,51722.1333
0,22/04/2021,20210422,51722.1333
0,22/04/2021,20210422,51722.1333
1,22/04/2021,20210422,51722.1333
1,22/04/2021,20210422,51722.1333
1,22/04/2021,20210422,51722.1333
0,22/04/2021,20210422,51722.1333
1,22/04/2021,20210422,51722.1333
0,22/04/2021,20210422,51722.1333
0,22/04/2021,20210422,51722.1333
0,22/04/2021,20210422,51722.1333
-1,22/04/2021,20210422,51722.1333
0,22/04/2021,20210422,51722.1333
0,22/04/2021,20210422,51722.1333
0,22/04/2021,20210422,51722.1333
0,22/04/2021,20210422,51722.1333
0,22/04/2021,20210422,51722.1333
0,22/04/2021,20210422,51722.1333
0,22/04/2021,20210422,51722.1333
0,22/04/2021,20210422,51722.1333
0,22/04/2021,20210422,51722.1333
1,22/04/2021,20210422,51722.1333
1,21/04/2021,20210421,53812.075
0,21/04/2021,20210421,53812.075
1,21/04/2021,20210421,53812.075
0,21/04/2021,20210421,53812.075
0,21/04/2021,20210421,53812.075
0,21/04/2021,20210421,53812.075
0,21/04/2021,20210421,53812.075
0,21/04/2021,20210421,53812.075
-1,21/04/2021,20210421,53812.075
0,21/04/2021,20210421,53812.075
1,21/04/2021,20210421,53812.075
0,21/04/2021,20210421,53812.075
0,21/04/2021,20210421,53812.075
0,21/04/2021,20210421,53812.075
0,21/04/2021,20210421,53812.075
0,21/04/2021,20210421,53812.075
0,21/04/2021,20210421,53812.075
1,21/04/2021,20210421,53812.075
0,21/04/2021,20210421,53812.075
0,21/04/2021,20210421,53812.075
1,21/04/2021,20210421,53812.075
1,21/04/2021,20210421,53812.075
1,21/04/2021,20210421,53812.075
0,21/04/2021,20210421,53812.075
0,21/04/2021,20210421,53812.075
0,21/04/2021,20210421,53812.075
0,21/04/2021,20210421,53812.075
0,21/04/2021,20210421,53812.075
0,21/04/2021,20210421,53812.075
0,21/04/2021,20210421,53812.075
0,21/04/2021,20210421,53812.075
0,21/04/2021,20210421,53812.075
1,21/04/2021,20210421,53812.075
1,21/04/2021,20210421,53812.075
0,21/04/2021,20210421,53812.075
0,21/04/2021,20210421,53812.075
0,21/04/2021,20210421,53812.075
1,21/04/2021,20210421,53812.075
1,21/04/2021,20210421,53812.075
0,21/04/2021,20210421,53812.075
0,21/04/2021,20210421,53812.075
0,21/04/2021,20210421,53812.075
0,21/04/2021,20210421,53812.075
1,21/04/2021,20210421,53812.075
0,21/04/2021,20210421,53812.075
0,21/04/2021,20210421,53812.075
1,21/04/2021,20210421,53812.075
0,21/04/2021,20210421,53812.075
1,21/04/2021,20210421,53812.075
1,21/04/2021,20210421,53812.075
1,21/04/2021,20210421,53812.075
1,21/04/2021,20210421,53812.075
1,21/04/2021,20210421,53812.075
0,21/04/2021,20210421,53812.075
0,21/04/2021,20210421,53812.075
0,21/04/2021,20210421,53812.075
0,21/04/2021,20210421,53812.075
1,21/04/2021,20210421,53812.075
0,21/04/2021,20210421,53812.075
0,21/04/2021,20210421,53812.075
1,21/04/2021,20210421,53812.075
0,21/04/2021,20210421,53812.075
1,21/04/2021,20210421,53812.075
1,21/04/2021,20210421,53812.075
0,21/04/2021,20210421,53812.075
0,21/04/2021,20210421,53812.075
1,21/04/2021,20210421,53812.075
1,21/04/2021,20210421,53812.075
1,21/04/2021,20210421,53812.075
0,21/04/2021,20210421,53812.075
1,21/04/2021,20210421,53812.075
0,21/04/2021,20210421,53812.075
0,21/04/2021,20210421,53812.075
0,21/04/2021,20210421,53812.075
0,21/04/2021,20210421,53812.075
0,21/04/2021,20210421,53812.075
1,21/04/2021,20210421,53812.075
0,21/04/2021,20210421,53812.075
0,21/04/2021,20210421,53812.075
0,21/04/2021,20210421,53812.075
0,21/04/2021,20210421,53812.075
0,21/04/2021,20210421,53812.075
1,21/04/2021,20210421,53812.075
0,21/04/2021,20210421,53812.075
1,21/04/2021,20210421,53812.075
0,21/04/2021,20210421,53812.075
0,21/04/2021,20210421,53812.075
1,21/04/2021,20210421,53812.075
0,20/04/2021,20210420,56499.2767
0,20/04/2021,20210420,56499.2767
-1,20/04/2021,20210420,56499.2767
0,20/04/2021,20210420,56499.2767
0,20/04/2021,20210420,56499.2767
1,20/04/2021,20210420,56499.2767
1,20/04/2021,20210420,56499.2767
1,20/04/2021,20210420,56499.2767
0,20/04/2021,20210420,56499.2767
1,20/04/2021,20210420,56499.2767
1,20/04/2021,20210420,56499.2767
0,20/04/2021,20210420,56499.2767
0,20/04/2021,20210420,56499.2767
1,20/04/2021,20210420,56499.2767
0,20/04/2021,20210420,56499.2767
0,20/04/2021,20210420,56499.2767
1,20/04/2021,20210420,56499.2767
1,20/04/2021,20210420,56499.2767
0,20/04/2021,20210420,56499.2767
1,20/04/2021,20210420,56499.2767
0,20/04/2021,20210420,56499.2767
0,20/04/2021,20210420,56499.2767
1,20/04/2021,20210420,56499.2767
1,20/04/2021,20210420,56499.2767
0,20/04/2021,20210420,56499.2767
0,20/04/2021,20210420,56499.2767
0,20/04/2021,20210420,56499.2767
0,20/04/2021,20210420,56499.2767
0,20/04/2021,20210420,56499.2767
0,20/04/2021,20210420,56499.2767
0,20/04/2021,20210420,56499.2767
0,20/04/2021,20210420,56499.2767
0,20/04/2021,20210420,56499.2767
1,20/04/2021,20210420,56499.2767
1,20/04/2021,20210420,56499.2767
0,20/04/2021,20210420,56499.2767
1,20/04/2021,20210420,56499.2767
0,20/04/2021,20210420,56499.2767
0,20/04/2021,20210420,56499.2767
0,20/04/2021,20210420,56499.2767
1,20/04/2021,20210420,56499.2767
0,20/04/2021,20210420,56499.2767
0,20/04/2021,20210420,56499.2767
1,20/04/2021,20210420,56499.2767
0,20/04/2021,20210420,56499.2767
1,20/04/2021,20210420,56499.2767
1,20/04/2021,20210420,56499.2767
0,20/04/2021,20210420,56499.2767
1,20/04/2021,20210420,56499.2767
1,20/04/2021,20210420,56499.2767
0,20/04/2021,20210420,56499.2767
1,20/04/2021,20210420,56499.2767
1,20/04/2021,20210420,56499.2767
1,20/04/2021,20210420,56499.2767
1,20/04/2021,20210420,56499.2767
0,20/04/2021,20210420,56499.2767
0,20/04/2021,20210420,56499.2767
1,20/04/2021,20210420,56499.2767
0,20/04/2021,20210420,56499.2767
0,20/04/2021,20210420,56499.2767
0,20/04/2021,20210420,56499.2767
0,20/04/2021,20210420,56499.2767
0,20/04/2021,20210420,56499.2767
0,20/04/2021,20210420,56499.2767
1,20/04/2021,20210420,56499.2767
1,20/04/2021,20210420,56499.2767
0,20/04/2021,20210420,56499.2767
0,20/04/2021,20210420,56499.2767
0,20/04/2021,20210420,56499.2767
1,20/04/2021,20210420,56499.2767
1,20/04/2021,20210420,56499.2767
0,20/04/2021,20210420,56499.2767
0,20/04/2021,20210420,56499.2767
0,20/04/2021,20210420,56499.2767
0,20/04/2021,20210420,56499.2767
0,20/04/2021,20210420,56499.2767
0,20/04/2021,20210420,56499.2767
1,20/04/2021,20210420,56499.2767
1,20/04/2021,20210420,56499.2767
-1,20/04/2021,20210420,56499.2767
0,20/04/2021,20210420,56499.2767
1,20/04/2021,20210420,56499.2767
1,20/04/2021,20210420,56499.2767
1,20/04/2021,20210420,56499.2767
0,20/04/2021,20210420,56499.2767
1,20/04/2021,20210420,56499.2767
-1,20/04/2021,20210420,56499.2767
0,20/04/2021,20210420,56499.2767
0,19/04/2021,20210419,55668.2283
-1,19/04/2021,20210419,55668.2283
0,19/04/2021,20210419,55668.2283
0,19/04/2021,20210419,55668.2283
1,19/04/2021,20210419,55668.2283
1,19/04/2021,20210419,55668.2283
1,19/04/2021,20210419,55668.2283
0,19/04/2021,20210419,55668.2283
1,19/04/2021,20210419,55668.2283
0,19/04/2021,20210419,55668.2283
0,19/04/2021,20210419,55668.2283
1,19/04/2021,20210419,55668.2283
0,19/04/2021,20210419,55668.2283
1,19/04/2021,20210419,55668.2283
1,19/04/2021,20210419,55668.2283
1,19/04/2021,20210419,55668.2283
-1,19/04/2021,20210419,55668.2283
0,19/04/2021,20210419,55668.2283
1,19/04/2021,20210419,55668.2283
1,19/04/2021,20210419,55668.2283
1,19/04/2021,20210419,55668.2283
0,19/04/2021,20210419,55668.2283
0,19/04/2021,20210419,55668.2283
0,19/04/2021,20210419,55668.2283
0,19/04/2021,20210419,55668.2283
1,19/04/2021,20210419,55668.2283
0,19/04/2021,20210419,55668.2283
0,19/04/2021,20210419,55668.2283
1,19/04/2021,20210419,55668.2283
1,19/04/2021,20210419,55668.2283
0,19/04/2021,20210419,55668.2283
-1,19/04/2021,20210419,55668.2283
1,19/04/2021,20210419,55668.2283
1,19/04/2021,20210419,55668.2283
0,19/04/2021,20210419,55668.2283
0,19/04/2021,20210419,55668.2283
0,19/04/2021,20210419,55668.2283
-1,19/04/2021,20210419,55668.2283
0,19/04/2021,20210419,55668.2283
1,19/04/2021,20210419,55668.2283
1,19/04/2021,20210419,55668.2283
1,19/04/2021,20210419,55668.2283
1,19/04/2021,20210419,55668.2283
1,19/04/2021,20210419,55668.2283
1,19/04/2021,20210419,55668.2283
0,19/04/2021,20210419,55668.2283
1,19/04/2021,20210419,55668.2283
1,19/04/2021,20210419,55668.2283
0,19/04/2021,20210419,55668.2283
1,19/04/2021,20210419,55668.2283
0,19/04/2021,20210419,55668.2283
0,19/04/2021,20210419,55668.2283
0,19/04/2021,20210419,55668.2283
0,19/04/2021,20210419,55668.2283
0,19/04/2021,20210419,55668.2283
0,19/04/2021,20210419,55668.2283
-1,19/04/2021,20210419,55668.2283
1,19/04/2021,20210419,55668.2283
0,19/04/2021,20210419,55668.2283
1,19/04/2021,20210419,55668.2283
1,19/04/2021,20210419,55668.2283
0,19/04/2021,20210419,55668.2283
0,19/04/2021,20210419,55668.2283
0,19/04/2021,20210419,55668.2283
0,19/04/2021,20210419,55668.2283
0,19/04/2021,20210419,55668.2283
0,19/04/2021,20210419,55668.2283
0,19/04/2021,20210419,55668.2283
0,19/04/2021,20210419,55668.2283
1,19/04/2021,20210419,55668.2283
1,19/04/2021,20210419,55668.2283
0,19/04/2021,20210419,55668.2283
1,19/04/2021,20210419,55668.2283
1,19/04/2021,20210419,55668.2283
1,19/04/2021,20210419,55668.2283
1,19/04/2021,20210419,55668.2283
0,19/04/2021,20210419,55668.2283
0,19/04/2021,20210419,55668.2283
0,19/04/2021,20210419,55668.2283
0,19/04/2021,20210419,55668.2283
0,19/04/2021,20210419,55668.2283
-1,19/04/2021,20210419,55668.2283
1,19/04/2021,20210419,55668.2283
1,18/04/2021,20210418,56232.3767
0,18/04/2021,20210418,56232.3767
1,18/04/2021,20210418,56232.3767
0,18/04/2021,20210418,56232.3767
0,18/04/2021,20210418,56232.3767
0,18/04/2021,20210418,56232.3767
0,18/04/2021,20210418,56232.3767
-1,18/04/2021,20210418,56232.3767
0,18/04/2021,20210418,56232.3767
1,18/04/2021,20210418,56232.3767
-1,18/04/2021,20210418,56232.3767
1,18/04/2021,20210418,56232.3767
0,18/04/2021,20210418,56232.3767
1,18/04/2021,20210418,56232.3767
1,18/04/2021,20210418,56232.3767
0,18/04/2021,20210418,56232.3767
1,18/04/2021,20210418,56232.3767
0,18/04/2021,20210418,56232.3767
0,18/04/2021,20210418,56232.3767
1,18/04/2021,20210418,56232.3767
0,18/04/2021,20210418,56232.3767
0,18/04/2021,20210418,56232.3767
1,18/04/2021,20210418,56232.3767
-1,18/04/2021,20210418,56232.3767
1,18/04/2021,20210418,56232.3767
0,18/04/2021,20210418,56232.3767
1,18/04/2021,20210418,56232.3767
1,18/04/2021,20210418,56232.3767
1,18/04/2021,20210418,56232.3767
0,18/04/2021,20210418,56232.3767
1,18/04/2021,20210418,56232.3767
0,18/04/2021,20210418,56232.3767
1,18/04/2021,20210418,56232.3767
1,18/04/2021,20210418,56232.3767
0,18/04/2021,20210418,56232.3767
1,18/04/2021,20210418,56232.3767
-1,18/04/2021,20210418,56232.3767
1,18/04/2021,20210418,56232.3767
0,18/04/2021,20210418,56232.3767
1,18/04/2021,20210418,56232.3767
1,18/04/2021,20210418,56232.3767
0,18/04/2021,20210418,56232.3767
1,18/04/2021,20210418,56232.3767
1,18/04/2021,20210418,56232.3767
1,18/04/2021,20210418,56232.3767
0,18/04/2021,20210418,56232.3767
0,18/04/2021,20210418,56232.3767
1,18/04/2021,20210418,56232.3767
0,18/04/2021,20210418,56232.3767
1,18/04/2021,20210418,56232.3767
0,18/04/2021,20210418,56232.3767
0,18/04/2021,20210418,56232.3767
0,18/04/2021,20210418,56232.3767
0,18/04/2021,20210418,56232.3767
0,18/04/2021,20210418,56232.3767
0,18/04/2021,20210418,56232.3767
1,18/04/2021,20210418,56232.3767
0,18/04/2021,20210418,56232.3767
0,18/04/2021,20210418,56232.3767
0,18/04/2021,20210418,56232.3767
0,18/04/2021,20210418,56232.3767
0,18/04/2021,20210418,56232.3767
0,18/04/2021,20210418,56232.3767
0,18/04/2021,20210418,56232.3767
0,18/04/2021,20210418,56232.3767
1,18/04/2021,20210418,56232.3767
0,18/04/2021,20210418,56232.3767
0,18/04/2021,20210418,56232.3767
1,18/04/2021,20210418,56232.3767
1,18/04/2021,20210418,56232.3767
1,18/04/2021,20210418,56232.3767
0,18/04/2021,20210418,56232.3767
0,18/04/2021,20210418,56232.3767
1,18/04/2021,20210418,56232.3767
1,18/04/2021,20210418,56232.3767
0,18/04/2021,20210418,56232.3767
1,18/04/2021,20210418,56232.3767
0,18/04/2021,20210418,56232.3767
1,18/04/2021,20210418,56232.3767
0,18/04/2021,20210418,56232.3767
1,18/04/2021,20210418,56232.3767
0,18/04/2021,20210418,56232.3767
0,18/04/2021,20210418,56232.3767
0,18/04/2021,20210418,56232.3767
1,18/04/2021,20210418,56232.3767
0,18/04/2021,20210418,56232.3767
1,18/04/2021,20210418,56232.3767
0,18/04/2021,20210418,56232.3767
1,18/04/2021,20210418,56232.3767
0,18/04/2021,20210418,56232.3767
1,18/04/2021,20210418,56232.3767
1,18/04/2021,20210418,56232.3767
1,18/04/2021,20210418,56232.3767
1,18/04/2021,20210418,56232.3767
0,17/04/2021,20210417,60023.5133
0,17/04/2021,20210417,60023.5133
0,17/04/2021,20210417,60023.5133
1,17/04/2021,20210417,60023.5133
0,17/04/2021,20210417,60023.5133
1,17/04/2021,20210417,60023.5133
1,29/05/2021,20210529,34613.67
0,29/05/2021,20210529,34613.67
0,29/05/2021,20210529,34613.67
1,29/05/2021,20210529,34613.67
0,29/05/2021,20210529,34613.67
0,29/05/2021,20210529,34613.67
0,29/05/2021,20210529,34613.67
0,29/05/2021,20210529,34613.67
0,29/05/2021,20210529,34613.67
1,29/05/2021,20210529,34613.67
0,29/05/2021,20210529,34613.67
1,29/05/2021,20210529,34613.67
0,29/05/2021,20210529,34613.67
1,29/05/2021,20210529,34613.67
1,29/05/2021,20210529,34613.67
0,29/05/2021,20210529,34613.67
1,29/05/2021,20210529,34613.67
0,29/05/2021,20210529,34613.67
0,29/05/2021,20210529,34613.67
0,29/05/2021,20210529,34613.67
1,29/05/2021,20210529,34613.67
0,29/05/2021,20210529,34613.67
0,29/05/2021,20210529,34613.67
0,29/05/2021,20210529,34613.67
1,29/05/2021,20210529,34613.67
-1,29/05/2021,20210529,34613.67
1,29/05/2021,20210529,34613.67
1,29/05/2021,20210529,34613.67
1,29/05/2021,20210529,34613.67
0,29/05/2021,20210529,34613.67
0,29/05/2021,20210529,34613.67
1,29/05/2021,20210529,34613.67
1,29/05/2021,20210529,34613.67
1,29/05/2021,20210529,34613.67
1,29/05/2021,20210529,34613.67
0,29/05/2021,20210529,34613.67
0,29/05/2021,20210529,34613.67
0,29/05/2021,20210529,34613.67
0,29/05/2021,20210529,34613.67
0,29/05/2021,20210529,34613.67
1,29/05/2021,20210529,34613.67
0,29/05/2021,20210529,34613.67
0,29/05/2021,20210529,34613.67
0,29/05/2021,20210529,34613.67
1,29/05/2021,20210529,34613.67
0,29/05/2021,20210529,34613.67
0,29/05/2021,20210529,34613.67
0,29/05/2021,20210529,34613.67
1,29/05/2021,20210529,34613.67
0,29/05/2021,20210529,34613.67
0,29/05/2021,20210529,34613.67
1,29/05/2021,20210529,34613.67
0,29/05/2021,20210529,34613.67
0,29/05/2021,20210529,34613.67
0,29/05/2021,20210529,34613.67
0,29/05/2021,20210529,34613.67
-1,29/05/2021,20210529,34613.67
1,29/05/2021,20210529,34613.67
0,29/05/2021,20210529,34613.67
0,29/05/2021,20210529,34613.67
1,29/05/2021,20210529,34613.67
0,29/05/2021,20210529,34613.67
0,29/05/2021,20210529,34613.67
0,29/05/2021,20210529,34613.67
0,29/05/2021,20210529,34613.67
1,29/05/2021,20210529,34613.67
0,29/05/2021,20210529,34613.67
0,29/05/2021,20210529,34613.67
0,29/05/2021,20210529,34613.67
1,29/05/2021,20210529,34613.67
1,29/05/2021,20210529,34613.67
0,29/05/2021,20210529,34613.67
0,29/05/2021,20210529,34613.67
1,29/05/2021,20210529,34613.67
1,29/05/2021,20210529,34613.67
-1,29/05/2021,20210529,34613.67
1,29/05/2021,20210529,34613.67
0,29/05/2021,20210529,34613.67
1,29/05/2021,20210529,34613.67
0,29/05/2021,20210529,34613.67
0,29/05/2021,20210529,34613.67
0,29/05/2021,20210529,34613.67
0,29/05/2021,20210529,34613.67
1,29/05/2021,20210529,34613.67
1,29/05/2021,20210529,34613.67
0,29/05/2021,20210529,34613.67
0,29/05/2021,20210529,34613.67
1,29/05/2021,20210529,34613.67
0,29/05/2021,20210529,34613.67
0,29/05/2021,20210529,34613.67
0,29/05/2021,20210529,34613.67
0,28/05/2021,20210528,35678.94
0,28/05/2021,20210528,35678.94
1,28/05/2021,20210528,35678.94
0,28/05/2021,20210528,35678.94
0,28/05/2021,20210528,35678.94
1,28/05/2021,20210528,35678.94
0,28/05/2021,20210528,35678.94
0,28/05/2021,20210528,35678.94
1,28/05/2021,20210528,35678.94
1,28/05/2021,20210528,35678.94
0,28/05/2021,20210528,35678.94
1,28/05/2021,20210528,35678.94
1,28/05/2021,20210528,35678.94
-1,28/05/2021,20210528,35678.94
1,28/05/2021,20210528,35678.94
-1,28/05/2021,20210528,35678.94
0,28/05/2021,20210528,35678.94
0,28/05/2021,20210528,35678.94
1,28/05/2021,20210528,35678.94
1,28/05/2021,20210528,35678.94
0,28/05/2021,20210528,35678.94
0,28/05/2021,20210528,35678.94
0,28/05/2021,20210528,35678.94
1,28/05/2021,20210528,35678.94
1,28/05/2021,20210528,35678.94
1,28/05/2021,20210528,35678.94
1,28/05/2021,20210528,35678.94
0,28/05/2021,20210528,35678.94
0,28/05/2021,20210528,35678.94
1,28/05/2021,20210528,35678.94
0,28/05/2021,20210528,35678.94
0,28/05/2021,20210528,35678.94
1,28/05/2021,20210528,35678.94
1,28/05/2021,20210528,35678.94
0,28/05/2021,20210528,35678.94
1,28/05/2021,20210528,35678.94
0,28/05/2021,20210528,35678.94
0,28/05/2021,20210528,35678.94
1,28/05/2021,20210528,35678.94
0,28/05/2021,20210528,35678.94
1,28/05/2021,20210528,35678.94
1,28/05/2021,20210528,35678.94
0,28/05/2021,20210528,35678.94
0,28/05/2021,20210528,35678.94
0,28/05/2021,20210528,35678.94
0,28/05/2021,20210528,35678.94
0,28/05/2021,20210528,35678.94
1,28/05/2021,20210528,35678.94
0,28/05/2021,20210528,35678.94
1,28/05/2021,20210528,35678.94
1,28/05/2021,20210528,35678.94
-1,28/05/2021,20210528,35678.94
0,28/05/2021,20210528,35678.94
1,28/05/2021,20210528,35678.94
1,28/05/2021,20210528,35678.94
0,28/05/2021,20210528,35678.94
1,28/05/2021,20210528,35678.94
0,28/05/2021,20210528,35678.94
1,28/05/2021,20210528,35678.94
0,28/05/2021,20210528,35678.94
1,28/05/2021,20210528,35678.94
0,28/05/2021,20210528,35678.94
0,28/05/2021,20210528,35678.94
0,28/05/2021,20210528,35678.94
0,28/05/2021,20210528,35678.94
1,28/05/2021,20210528,35678.94
1,28/05/2021,20210528,35678.94
-1,28/05/2021,20210528,35678.94
-1,28/05/2021,20210528,35678.94
0,28/05/2021,20210528,35678.94
0,28/05/2021,20210528,35678.94
0,28/05/2021,20210528,35678.94
0,28/05/2021,20210528,35678.94
0,28/05/2021,20210528,35678.94
0,28/05/2021,20210528,35678.94
0,28/05/2021,20210528,35678.94
0,28/05/2021,20210528,35678.94
0,28/05/2021,20210528,35678.94
0,28/05/2021,20210528,35678.94
1,28/05/2021,20210528,35678.94
0,28/05/2021,20210528,35678.94
0,28/05/2021,20210528,35678.94
1,28/05/2021,20210528,35678.94
0,28/05/2021,20210528,35678.94
0,28/05/2021,20210528,35678.94
0,28/05/2021,20210528,35678.94
-1,28/05/2021,20210528,35678.94
1,28/05/2021,20210528,35678.94
1,28/05/2021,20210528,35678.94
0,28/05/2021,20210528,35678.94
0,28/05/2021,20210528,35678.94
0,28/05/2021,20210528,35678.94
1,28/05/2021,20210528,35678.94
0,28/05/2021,20210528,35678.94
1,28/05/2021,20210528,35678.94
1,28/05/2021,20210528,35678.94
0,28/05/2021,20210528,35678.94
0,28/05/2021,20210528,35678.94
0,28/05/2021,20210528,35678.94
-1,28/05/2021,20210528,35678.94
0,28/05/2021,20210528,35678.94
1,28/05/2021,20210528,35678.94
1,28/05/2021,20210528,35678.94
0,27/05/2021,20210527,38534.7717
0,27/05/2021,20210527,38534.7717
0,27/05/2021,20210527,38534.7717
0,27/05/2021,20210527,38534.7717
1,27/05/2021,20210527,38534.7717
1,27/05/2021,20210527,38534.7717
0,27/05/2021,20210527,38534.7717
0,27/05/2021,20210527,38534.7717
1,27/05/2021,20210527,38534.7717
0,27/05/2021,20210527,38534.7717
0,27/05/2021,20210527,38534.7717
0,27/05/2021,20210527,38534.7717
1,27/05/2021,20210527,38534.7717
1,27/05/2021,20210527,38534.7717
0,27/05/2021,20210527,38534.7717
0,27/05/2021,20210527,38534.7717
0,27/05/2021,20210527,38534.7717
1,27/05/2021,20210527,38534.7717
0,27/05/2021,20210527,38534.7717
0,27/05/2021,20210527,38534.7717
1,27/05/2021,20210527,38534.7717
-1,27/05/2021,20210527,38534.7717
1,27/05/2021,20210527,38534.7717
0,27/05/2021,20210527,38534.7717
0,27/05/2021,20210527,38534.7717
0,27/05/2021,20210527,38534.7717
1,27/05/2021,20210527,38534.7717
1,27/05/2021,20210527,38534.7717
1,27/05/2021,20210527,38534.7717
0,27/05/2021,20210527,38534.7717
0,27/05/2021,20210527,38534.7717
1,27/05/2021,20210527,38534.7717
0,27/05/2021,20210527,38534.7717
1,27/05/2021,20210527,38534.7717
0,27/05/2021,20210527,38534.7717
0,27/05/2021,20210527,38534.7717
0,27/05/2021,20210527,38534.7717
0,27/05/2021,20210527,38534.7717
1,27/05/2021,20210527,38534.7717
0,27/05/2021,20210527,38534.7717
1,27/05/2021,20210527,38534.7717
0,27/05/2021,20210527,38534.7717
0,27/05/2021,20210527,38534.7717
0,27/05/2021,20210527,38534.7717
0,27/05/2021,20210527,38534.7717
1,27/05/2021,20210527,38534.7717
0,27/05/2021,20210527,38534.7717
0,27/05/2021,20210527,38534.7717
0,27/05/2021,20210527,38534.7717
0,27/05/2021,20210527,38534.7717
1,27/05/2021,20210527,38534.7717
0,27/05/2021,20210527,38534.7717
1,27/05/2021,20210527,38534.7717
1,27/05/2021,20210527,38534.7717
0,27/05/2021,20210527,38534.7717
0,27/05/2021,20210527,38534.7717
1,27/05/2021,20210527,38534.7717
0,27/05/2021,20210527,38534.7717
0,27/05/2021,20210527,38534.7717
1,27/05/2021,20210527,38534.7717
1,27/05/2021,20210527,38534.7717
0,27/05/2021,20210527,38534.7717
1,27/05/2021,20210527,38534.7717
0,27/05/2021,20210527,38534.7717
1,27/05/2021,20210527,38534.7717
1,27/05/2021,20210527,38534.7717
1,27/05/2021,20210527,38534.7717
0,27/05/2021,20210527,38534.7717
0,27/05/2021,20210527,38534.7717
1,27/05/2021,20210527,38534.7717
0,27/05/2021,20210527,38534.7717
1,27/05/2021,20210527,38534.7717
0,27/05/2021,20210527,38534.7717
1,27/05/2021,20210527,38534.7717
0,27/05/2021,20210527,38534.7717
0,27/05/2021,20210527,38534.7717
0,27/05/2021,20210527,38534.7717
0,27/05/2021,20210527,38534.7717
0,27/05/2021,20210527,38534.7717
0,27/05/2021,20210527,38534.7717
1,27/05/2021,20210527,38534.7717
0,27/05/2021,20210527,38534.7717
0,27/05/2021,20210527,38534.7717
0,27/05/2021,20210527,38534.7717
1,27/05/2021,20210527,38534.7717
1,27/05/2021,20210527,38534.7717
1,27/05/2021,20210527,38534.7717
1,27/05/2021,20210527,38534.7717
1,26/05/2021,20210526,39299.3583
0,26/05/2021,20210526,39299.3583
1,26/05/2021,20210526,39299.3583
0,26/05/2021,20210526,39299.3583
1,26/05/2021,20210526,39299.3583
0,26/05/2021,20210526,39299.3583
1,26/05/2021,20210526,39299.3583
0,26/05/2021,20210526,39299.3583
1,26/05/2021,20210526,39299.3583
1,26/05/2021,20210526,39299.3583
0,26/05/2021,20210526,39299.3583
1,26/05/2021,20210526,39299.3583
0,26/05/2021,20210526,39299.3583
1,26/05/2021,20210526,39299.3583
1,26/05/2021,20210526,39299.3583
0,26/05/2021,20210526,39299.3583
0,26/05/2021,20210526,39299.3583
0,26/05/2021,20210526,39299.3583
0,26/05/2021,20210526,39299.3583
1,26/05/2021,20210526,39299.3583
1,26/05/2021,20210526,39299.3583
1,26/05/2021,20210526,39299.3583
1,26/05/2021,20210526,39299.3583
0,26/05/2021,20210526,39299.3583
1,26/05/2021,20210526,39299.3583
1,26/05/2021,20210526,39299.3583
1,26/05/2021,20210526,39299.3583
1,26/05/2021,20210526,39299.3583
0,26/05/2021,20210526,39299.3583
0,26/05/2021,20210526,39299.3583
0,26/05/2021,20210526,39299.3583
1,26/05/2021,20210526,39299.3583
0,26/05/2021,20210526,39299.3583
0,26/05/2021,20210526,39299.3583
0,26/05/2021,20210526,39299.3583
1,26/05/2021,20210526,39299.3583
0,26/05/2021,20210526,39299.3583
0,26/05/2021,20210526,39299.3583
0,26/05/2021,20210526,39299.3583
0,26/05/2021,20210526,39299.3583
0,26/05/2021,20210526,39299.3583
0,26/05/2021,20210526,39299.3583
0,26/05/2021,20210526,39299.3583
1,26/05/2021,20210526,39299.3583
0,26/05/2021,20210526,39299.3583
1,26/05/2021,20210526,39299.3583
1,26/05/2021,20210526,39299.3583
0,26/05/2021,20210526,39299.3583
0,26/05/2021,20210526,39299.3583
1,26/05/2021,20210526,39299.3583
0,26/05/2021,20210526,39299.3583
0,26/05/2021,20210526,39299.3583
1,26/05/2021,20210526,39299.3583
1,26/05/2021,20210526,39299.3583
0,26/05/2021,20210526,39299.3583
0,26/05/2021,20210526,39299.3583
1,26/05/2021,20210526,39299.3583
0,26/05/2021,20210526,39299.3583
0,26/05/2021,20210526,39299.3583
0,26/05/2021,20210526,39299.3583
1,26/05/2021,20210526,39299.3583
0,26/05/2021,20210526,39299.3583
0,26/05/2021,20210526,39299.3583
1,26/05/2021,20210526,39299.3583
0,26/05/2021,20210526,39299.3583
0,26/05/2021,20210526,39299.3583
1,26/05/2021,20210526,39299.3583
0,26/05/2021,20210526,39299.3583
0,26/05/2021,20210526,39299.3583
0,26/05/2021,20210526,39299.3583
0,26/05/2021,20210526,39299.3583
1,26/05/2021,20210526,39299.3583
0,26/05/2021,20210526,39299.3583
0,26/05/2021,20210526,39299.3583
0,26/05/2021,20210526,39299.3583
0,26/05/2021,20210526,39299.3583
0,26/05/2021,20210526,39299.3583
1,26/05/2021,20210526,39299.3583
0,26/05/2021,20210526,39299.3583
0,26/05/2021,20210526,39299.3583
1,26/05/2021,20210526,39299.3583
1,26/05/2021,20210526,39299.3583
0,26/05/2021,20210526,39299.3583
1,26/05/2021,20210526,39299.3583
0,26/05/2021,20210526,39299.3583
-1,26/05/2021,20210526,39299.3583
1,26/05/2021,20210526,39299.3583
1,26/05/2021,20210526,39299.3583
0,26/05/2021,20210526,39299.3583
1,26/05/2021,20210526,39299.3583
1,26/05/2021,20210526,39299.3583
0,26/05/2021,20210526,39299.3583
1,26/05/2021,20210526,39299.3583
0,26/05/2021,20210526,39299.3583
0,26/05/2021,20210526,39299.3583
0,26/05/2021,20210526,39299.3583
1,26/05/2021,20210526,39299.3583
0,26/05/2021,20210526,39299.3583
0,25/05/2021,20210525,38378.96
1,25/05/2021,20210525,38378.96
0,25/05/2021,20210525,38378.96
0,25/05/2021,20210525,38378.96
0,25/05/2021,20210525,38378.96
-1,25/05/2021,20210525,38378.96
1,25/05/2021,20210525,38378.96
0,25/05/2021,20210525,38378.96
1,25/05/2021,20210525,38378.96
0,25/05/2021,20210525,38378.96
0,25/05/2021,20210525,38378.96
1,25/05/2021,20210525,38378.96
1,25/05/2021,20210525,38378.96
0,25/05/2021,20210525,38378.96
1,25/05/2021,20210525,38378.96
1,25/05/2021,20210525,38378.96
1,25/05/2021,20210525,38378.96
0,25/05/2021,20210525,38378.96
1,25/05/2021,20210525,38378.96
0,25/05/2021,20210525,38378.96
0,25/05/2021,20210525,38378.96
0,25/05/2021,20210525,38378.96
0,25/05/2021,20210525,38378.96
0,25/05/2021,20210525,38378.96
1,25/05/2021,20210525,38378.96
1,25/05/2021,20210525,38378.96
1,25/05/2021,20210525,38378.96
0,25/05/2021,20210525,38378.96
1,25/05/2021,20210525,38378.96
0,25/05/2021,20210525,38378.96
0,25/05/2021,20210525,38378.96
0,25/05/2021,20210525,38378.96
0,25/05/2021,20210525,38378.96
1,25/05/2021,20210525,38378.96
0,25/05/2021,20210525,38378.96
1,25/05/2021,20210525,38378.96
1,25/05/2021,20210525,38378.96
0,25/05/2021,20210525,38378.96
0,25/05/2021,20210525,38378.96
0,25/05/2021,20210525,38378.96
1,25/05/2021,20210525,38378.96
1,25/05/2021,20210525,38378.96
0,25/05/2021,20210525,38378.96
1,25/05/2021,20210525,38378.96
1,25/05/2021,20210525,38378.96
0,25/05/2021,20210525,38378.96
0,25/05/2021,20210525,38378.96
0,25/05/2021,20210525,38378.96
1,25/05/2021,20210525,38378.96
1,25/05/2021,20210525,38378.96
0,25/05/2021,20210525,38378.96
1,25/05/2021,20210525,38378.96
0,25/05/2021,20210525,38378.96
0,25/05/2021,20210525,38378.96
0,25/05/2021,20210525,38378.96
1,25/05/2021,20210525,38378.96
